price,rating,price_range,product_title,JobURL,
$118.99 $149.99,,,"Impressions Reflections 50-Gallon Rain Saver, Dark G  ...",https://www.walmart.com/ip/Impressions-Reflections-50-Gallon-Rain-Saver-Dark-Granite/47192430,0.58991882
$210.39 ,"Average rating:3.7778out of5stars, based on9reviews9ratings Average rating:3.7778out of5stars, based on9reviews9ratings",,"Rain Wizard Urn, Dark Granite",https://www.walmart.com/ip/Rain-Wizard-Urn-Dark-Granite/21633944,0.375947963
$105.64 $221.09,"Average rating:5out of5stars, based on2reviews2ratings Average rating:5out of5stars, based on2reviews2ratings",,Painted Rain Barrel - Nantucket Grey,https://www.walmart.com/ip/Painted-Rain-Barrel-Nantucket-Grey/39355481,0.29288404
$30.80 $32.98,,,RTS Rain Barrel Stand,https://www.walmart.com/ip/RTS-Rain-Barrel-Stand/20418990,0.169106179
$12.91 $14.99,,,Full Circle Scrap Happy Scrap Collector and Freezer   ...,https://www.walmart.com/ip/Full-Circle-Scrap-Happy-Scrap-Collector-and-Freezer-Compost-Bin-Slate/46660960,0.793424859
$46.12 $59.99,"Average rating:5out of5stars, based on1reviews1ratings Average rating:5out of5stars, based on1reviews1ratings",,"Rain Wizard Urn Stand, Terra Cotta",https://www.walmart.com/ip/Rain-Wizard-Urn-Stand-Terra-Cotta/49334409,0.215327756
$86.99 $97.99,,,Suncast 50 Gallon Rain Barrel,https://www.walmart.com/ip/Suncast-50-Gallon-Rain-Barrel/11254347,0.313413939
$152.99 $158.99,"Average rating:4.5out of5stars, based on2reviews2ratings Average rating:4.5out of5stars, based on2reviews2ratings",,"Rain Wizard 65, Darkened Ribs, Green",https://www.walmart.com/ip/Rain-Wizard-65-Darkened-Ribs-Green/49334400,0.946642569
$9.77 ,,,2 in 1 Sieve,https://www.walmart.com/ip/2-in-1-Sieve/715983373,0.455147084
$204.99 $222.99,,,Tierra Garden Graf 74 Gal. Stationary Composter,https://www.walmart.com/ip/Tierra-Garden-Graf-74-Gal-Stationary-Composter/54774242,0.380479669
$93.99 ,,,Tierra Garden Graf 79 Gal. Stationary Composter,https://www.walmart.com/ip/Tierra-Garden-Graf-79-Gal-Stationary-Composter/54327309,0.560161698
$107.99 $116.99,,,"Impressions Downton 50-Gallon Rain Saver, Red Brick",https://www.walmart.com/ip/Impressions-Downton-50-Gallon-Rain-Saver-Red-Brick/47192419,0.197159825
$16.25 $32.99,,,Household Metal Round Garbage Drainer Sink Strainer   ...,https://www.walmart.com/ip/Household-Metal-Round-Garbage-Drainer-Sink-Strainer-Silver-Tone-11-2cm-Dia-4-Pcs/159786713,0.455848787
$118.99 ,,,"Impressions 50-Gallon Nantucket Rain Saver, Dark Bro  ...",https://www.walmart.com/ip/Impressions-50-Gallon-Nantucket-Rain-Saver-Dark-Brown/40572169,0.777602882
$71.60 ,,,Tuck-Top Bakery Boxes SCH0971,https://www.walmart.com/ip/Tuck-Top-Bakery-Boxes-SCH0971/45330991,0.165779241
$11.91 $13.11,"Average rating:3.6out of5stars, based on5reviews5ratings Average rating:3.6out of5stars, based on5reviews5ratings",,Bosmere Slim Kitchen Compost Bin K779,https://www.walmart.com/ip/Bosmere-Slim-Kitchen-Compost-Bin-K779/25485016,0.456700473
$92.38 $105.99,,$92.38 - $105.99,UpCycle Products 55 Gallon Rain Barrel,https://www.walmart.com/ip/UpCycle-Products-55-Gallon-Rain-Barrel/857442265,0.762016437
$109.99 $129.99,"Average rating:3.4545out of5stars, based on11reviews11ratings Average rating:3.4545out of5stars, based on11reviews11ratings",,"Miracle-Gro Dual Chamber Tumbling Composter, 105L/27  ...",https://www.walmart.com/ip/Miracle-Gro-Dual-Chamber-Tumbling-Composter-105L-27-7-Gals-Per-Chamber/49302069,0.326388435
$96.99 $116.99,,,"Impressions Reflections 50-Gallon Rain Saver, Sandst  ...",https://www.walmart.com/ip/Impressions-Reflections-50-Gallon-Rain-Saver-Sandstone/47194764,0.221043485
$28.30 $38.34,,,Exaco Trading Microbial Inoculant Composting Activat  ...,https://www.walmart.com/ip/Exaco-Trading-Microbial-Inoculant-Composting-Activator/37607995,0.133450945
$14.35 $28.99,,,Home Plastic Round Basin Waste Stopper Sink Drain Fi  ...,https://www.walmart.com/ip/Home-Plastic-Round-Basin-Waste-Stopper-Sink-Drain-Filter-Strainer-White-10-Pcs/861684803,0.994582072
$120.64 ,,,"REOTEMP A48PF 0-200 F Bimetal Thermom, 3 In Dial, 0   ...",https://www.walmart.com/ip/REOTEMP-A48PF-0-200-F-Bimetal-Thermom-3-In-Dial-0-to-200F/40909413,0.83010769
$85.99 ,,,Oak w/brass spigot,https://www.walmart.com/ip/Oak-w-brass-spigot/21449843,0.079099977
$23.99 $44.99,,,Jump Start 24-Cell Macro Plug Mini Germination Stati  ...,https://www.walmart.com/ip/Jump-Start-24-Cell-Macro-Plug-Mini-Germination-Station-with-Vented-Dome-JS24MP/50247327,0.953877882
$136.99 ,,,"Impressions Downton 50-Gallon Rain Saver, Darkened R  ...",https://www.walmart.com/ip/Impressions-Downton-50-Gallon-Rain-Saver-Darkened-Ribs-Dark-Granite/47192425,0.279785823
$149.85 ,,,Natures Footprint Worm Factory 360 4 Composting Bin   ...,https://www.walmart.com/ip/Natures-Footprint-Worm-Factory-360-4-Composting-Bin-Tray-w-Worms-Terracotta/26593631,0.046087998
$129.99 ,,,"Rain Wizard 50 Diverter Kit, Khaki",https://www.walmart.com/ip/Rain-Wizard-50-Diverter-Kit-Khaki/22853193,0.196005694
$107.53 $121.76,,,"Impressions 50-Gallon Bark Rain Saver, Terra Cotta",https://www.walmart.com/ip/Impressions-50-Gallon-Bark-Rain-Saver-Terra-Cotta/40572159,0.262762535
$89.60 ,"Average rating:1out of5stars, based on1reviews1ratings Average rating:1out of5stars, based on1reviews1ratings",,"Rain Wizard 40, Darkened Ribs, Khaki",https://www.walmart.com/ip/Rain-Wizard-40-Darkened-Ribs-Khaki/19255907,0.69818522
$14.34 ,,,Natural Guard Compost Maker,https://www.walmart.com/ip/Natural-Guard-Compost-Maker/187825626,0.269389867
$121.99 $142.99,,$121.99 - $142.99,Tierra Garden Graf Stationary Composter,https://www.walmart.com/ip/Tierra-Garden-Graf-Stationary-Composter/54589656,0.037222688
$61.99 ,,,"CiboWares Premium 5"" Round Natural Areca Palm Leaf B  ...",https://www.walmart.com/ip/CiboWares-Premium-5-Round-Natural-Areca-Palm-Leaf-Bowl-Eco-Friendly-and-Disposable-for-Home-and-Catering-Package-of-100/126177891,0.159460433
$118.53 $127.99,"Average rating:5out of5stars, based on1reviews1ratings Average rating:5out of5stars, based on1reviews1ratings",$118.53 - $127.99,Algreen Castilla 50 Gallon Rain Barrel,https://www.walmart.com/ip/Algreen-Castilla-50-Gallon-Rain-Barrel/23914414,0.382393011
$28.49 ,"Average rating:4out of5stars, based on1reviews1ratings Average rating:4out of5stars, based on1reviews1ratings",,Full Circle Home FC11301-GS GRN Compost Collector,https://www.walmart.com/ip/Full-Circle-Home-FC11301-GS-GRN-Compost-Collector/26176894,0.038333603
$6.53 $13.99,,,Home Metal Round Residue Rubbish Drainer Sink Strain  ...,https://www.walmart.com/ip/Home-Metal-Round-Residue-Rubbish-Drainer-Sink-Strainer-Silver-Tone-8-5cm-Dia/278347081,0.630035464
$121.56 $137.99,,,"Impressions 65-Gallon Palm Rain Saver, Oak",https://www.walmart.com/ip/Impressions-65-Gallon-Palm-Rain-Saver-Oak/40572166,0.886805808
$57.99 ,,,Exaco EM 1 Compost Activator,https://www.walmart.com/ip/Exaco-EM-1-Compost-Activator/152217475,0.656920296
$109.00 ,"Average rating:4.0127out of5stars, based on79reviews79ratings Average rating:4.0127out of5stars, based on79reviews79ratings",,Suncast Tumbling Composter,https://www.walmart.com/ip/Suncast-Tumbling-Composter/13727247,0.24837548
$15.00 $27.99,,,Rain Barrel Paver,https://www.walmart.com/ip/Rain-Barrel-Paver/22961165,0.799795459
$333.99 $378.99,,,"Garden Wizard RGB Hybrid, Red Brick",https://www.walmart.com/ip/Garden-Wizard-RGB-Hybrid-Red-Brick/20416983,0.383441106
$47.27 ,"Average rating:2.3333out of5stars, based on3reviews3ratings Average rating:2.3333out of5stars, based on3reviews3ratings",,Algreen 81062 Rain Barrel Pump Kit,https://www.walmart.com/ip/Algreen-81062-Rain-Barrel-Pump-Kit/23481399,0.820248279
$115.93 $137.12,"Average rating:3.8852out of5stars, based on61reviews61ratings Average rating:3.8852out of5stars, based on61reviews61ratings",,"Savannah Rain Saver, Black",https://www.walmart.com/ip/Savannah-Rain-Saver-Black/22961260,0.337824548
$439.99 $563.45,,,Exaco 133 Gallon Venetia Rain Barrel,https://www.walmart.com/ip/Exaco-133-Gallon-Venetia-Rain-Barrel/26377184,0.758610775
$196.99 ,,,Compost Wizard 50 Gallon Dueling Compost Tumbler Sta  ...,https://www.walmart.com/ip/Compost-Wizard-50-Gallon-Dueling-Compost-Tumbler-Starter-Kit/54741027,0.926127018
$107.99 $116.99,,,"Impressions Downton 50-Gallon Rain Saver, Sandstone",https://www.walmart.com/ip/Impressions-Downton-50-Gallon-Rain-Saver-Sandstone/47192421,0.334013525
$23.18 ,,,Down To Earth Alfalfa Meal - 5 lb,https://www.walmart.com/ip/Down-To-Earth-Alfalfa-Meal-5-lb/110115518,0.143986877
$60.99 ,,,VermiTek 5 Gal. Kitchen Composter,https://www.walmart.com/ip/VermiTek-5-Gal-Kitchen-Composter/51130415,0.859364305
$8.62 $17.99,,,Home Metal Basin Waste Stopper Sink Drain Filter Str  ...,https://www.walmart.com/ip/Home-Metal-Basin-Waste-Stopper-Sink-Drain-Filter-Strainer-Silver-Tone-2-Pcs/676296347,0.724321659
$204.99 ,,,"Compost Wizard Downton, Dark Granite",https://www.walmart.com/ip/Compost-Wizard-Downton-Dark-Granite/47192438,0.208230011
$151.44 ,"Average rating:3.7143out of5stars, based on7reviews7ratings Average rating:3.7143out of5stars, based on7reviews7ratings",,"Rain Wizard Urn, Green",https://www.walmart.com/ip/Rain-Wizard-Urn-Green/21633945,0.596497828
$99.99 $119.99,,,Upcycle 55 Gallon Black Rain Barrel,https://www.walmart.com/ip/Upcycle-55-Gallon-Black-Rain-Barrel/17463043,0.558542491
$209.99 ,,,"Impressions 90-Gallon Bark Rain Saver, San",https://www.walmart.com/ip/Impressions-90-Gallon-Bark-Rain-Saver-San/35283191,0.283614066
$229.99 ,,,"Compost Wizard Hybrid, Terra Cotta",https://www.walmart.com/ip/Compost-Wizard-Hybrid-Terra-Cotta/19255950,0.470708076
$23.00 ,"Average rating:3out of5stars, based on7reviews7ratings Average rating:3out of5stars, based on7reviews7ratings",,Behrens High Grade Steel 6104 4 Gal Silver Galvanize  ...,https://www.walmart.com/ip/Behrens-High-Grade-Steel-6104-4-Gal-Silver-Galvanized-Steel-Dry-Storage-Can-with-Locking-Lid/47711073,0.110099202
$138.99 $189.99,"Average rating:3.6667out of5stars, based on3reviews3ratings Average rating:3.6667out of5stars, based on3reviews3ratings",$138.99 - $189.99,Algreen EcoCascata Rain Barrel,https://www.walmart.com/ip/Algreen-EcoCascata-Rain-Barrel/45437813,0.640672318
$207.99 ,,,"Impressions 90-Gallon Bark Rain Saver, Gray",https://www.walmart.com/ip/Impressions-90-Gallon-Bark-Rain-Saver-Gray/35283159,0.934003151
$41.99 ,,,Soil Doctor 54055006 Pelletized Gypsum Soil Repair G  ...,https://www.walmart.com/ip/Soil-Doctor-54055006-Pelletized-Gypsum-Soil-Repair-Granules-40-Lbs/140850386,0.852680861
$160.54 ,"Average rating:3.6667out of5stars, based on12reviews12ratings Average rating:3.6667out of5stars, based on12reviews12ratings",,"Rain Wizard Urn 50, Light Granite",https://www.walmart.com/ip/Rain-Wizard-Urn-50-Light-Granite/49334413,0.714638658
$83.45 ,"Average rating:2.3333out of5stars, based on3reviews3ratings Average rating:2.3333out of5stars, based on3reviews3ratings",,Koolscape 50 gal Space-Saver Rain Barrel with 5 Pots,https://www.walmart.com/ip/Koolscape-50-gal-Space-Saver-Rain-Barrel-with-5-Pots/30167066,0.775643243
$99.99 ,"Average rating:5out of5stars, based on1reviews1ratings Average rating:5out of5stars, based on1reviews1ratings",,"Rain Wizard 50 Diverter Kit, Oak",https://www.walmart.com/ip/Rain-Wizard-50-Diverter-Kit-Oak/22853194,0.388949323
$9.43 ,,,"Yumi Return Compostable Knives, 100% Natural Starch,  ...",https://www.walmart.com/ip/Yumi-Return-Compostable-Knives-100-Natural-Starch-24-Pieces/165405741,0.283455736
$29.99 $37.99,,$29.99 - $37.99,VermiTek 0.13 cu. ft. Kitchen Composter,https://www.walmart.com/ip/VermiTek-0-13-cu-ft-Kitchen-Composter/51606722,0.903316523
$108.91 ,"Average rating:3.7778out of5stars, based on9reviews9ratings Average rating:3.7778out of5stars, based on9reviews9ratings",,"Rain Wizard Urn, Black",https://www.walmart.com/ip/Rain-Wizard-Urn-Black/21633946,0.17207875
$95.05 ,"Average rating:1.75out of5stars, based on4reviews4ratings Average rating:1.75out of5stars, based on4reviews4ratings",,Rain Vault - Oak,https://www.walmart.com/ip/Rain-Vault-Oak/14663278,0.763992939
$43.88 ,"Average rating:5out of5stars, based on1reviews1ratings Average rating:5out of5stars, based on1reviews1ratings",,"Super Compost Organic Fertilizer, Organic Plant Food  ...",https://www.walmart.com/ip/Super-Compost-Organic-Fertilizer-Organic-Plant-Food-Special-blend-Worm-Castings-Composted-Beef-Cow-Manure-Alfalfa-12-Lbs-Makes-60-Lbs-2-2-2-NPK-Calci/926207632,0.437087788
$103.99 $113.84,"Average rating:5out of5stars, based on1reviews1ratings Average rating:5out of5stars, based on1reviews1ratings",,Upcycle 55 Gallon Gray Rain Barrel,https://www.walmart.com/ip/Upcycle-55-Gallon-Gray-Rain-Barrel/17463045,0.331974932
$11.79 $23.99,,,Home Metal Round Garbage Stopper Drainer Sink Strain  ...,https://www.walmart.com/ip/Home-Metal-Round-Garbage-Stopper-Drainer-Sink-Strainer-Silver-Tone-7cm-Dia-4-Pcs/961738936,0.881432456
$28.82 $32.25,,,Haws Stainless Steel Gardening Hand Scoop,https://www.walmart.com/ip/Haws-Stainless-Steel-Gardening-Hand-Scoop/594011960,0.510653147
$399.99 $489.99,,,Exaco GRAF 79 Gallon Rain Barrel,https://www.walmart.com/ip/Exaco-GRAF-79-Gallon-Rain-Barrel/39114548,0.991530883
$24.99 ,,,The Dirty Gardener Blood Meal 13-0-0 - 5 Pounds,https://www.walmart.com/ip/The-Dirty-Gardener-Blood-Meal-13-0-0-5-Pounds/154772876,0.629206355
$419.00 ,"Average rating:4.7187out of5stars, based on32reviews32ratings Average rating:4.7187out of5stars, based on32reviews32ratings",,Jora 70 Gallon 270 Compost Tumbler,https://www.walmart.com/ip/Jora-70-Gallon-270-Compost-Tumbler/17457776,0.641417528
$99.84 ,"Average rating:5out of5stars, based on3reviews3ratings Average rating:5out of5stars, based on3reviews3ratings",,Augason Farms Water Storage Barrel 55-Gallon Drum,https://www.walmart.com/ip/Augason-Farms-Water-Storage-Barrel-55-Gallon-Drum/55702759,0.369215006
$25.49 $29.44,"Average rating:3.875out of5stars, based on8reviews8ratings Average rating:3.875out of5stars, based on8reviews8ratings",,Norpro 1 gal Red Ceramic Compost Keeper Crock,https://www.walmart.com/ip/Norpro-1-gal-Red-Ceramic-Compost-Keeper-Crock/16635769,0.577242835
$559.99 ,,,"Roman Rain Barrel, 66 gal",https://www.walmart.com/ip/Roman-Rain-Barrel-66-gal/26377178,0.070872837
$17.44 ,"Average rating:4.625out of5stars, based on16reviews16ratings Average rating:4.625out of5stars, based on16reviews16ratings",,Espoma CS4 4 Lb Organic Compost Starter,https://www.walmart.com/ip/Espoma-CS4-4-Lb-Organic-Compost-Starter/17363529,0.541919709
$33.73 ,"Average rating:4.4762out of5stars, based on21reviews21ratings Average rating:4.4762out of5stars, based on21reviews21ratings",,Rain Barrel Stand,https://www.walmart.com/ip/Rain-Barrel-Stand/21076015,0.784001162
$329.99 ,,,"Venetia Rain Barrel, 80 gal",https://www.walmart.com/ip/Venetia-Rain-Barrel-80-gal/26377183,0.469897877
$5.38 $10.99,,,Home Metal Round Garbage Stopper Drainer Sink Strain  ...,https://www.walmart.com/ip/Home-Metal-Round-Garbage-Stopper-Drainer-Sink-Strainer-Silver-Tone-7-8cm-Dia/208058364,0.52321725
$28.69 $37.33,"Average rating:5out of5stars, based on1reviews1ratings Average rating:5out of5stars, based on1reviews1ratings",,Dr. Earth 1.5 cu. Ft. All Purpose Compost,https://www.walmart.com/ip/Dr-Earth-1-5-cu-Ft-All-Purpose-Compost/24774130,0.374699249
$99.70 $128.52,"Average rating:3.7143out of5stars, based on14reviews14ratings Average rating:3.7143out of5stars, based on14reviews14ratings",,"Rain Wizard Urn 50, Dark Granite",https://www.walmart.com/ip/Rain-Wizard-Urn-50-Dark-Granite/49334418,0.426060802
$76.60 $103.55,,,Rescue 55 Gallon Blue DIY Rain Barrel - Food Grade -  ...,https://www.walmart.com/ip/Rescue-55-Gallon-Blue-DIY-Rain-Barrel-Food-Grade-Blue/128971312,0.293588286
$99.99 ,,,"Rain Wizard 50, Darkened Ribs, Terra Cotta",https://www.walmart.com/ip/Rain-Wizard-50-Darkened-Ribs-Terra-Cotta/17431239,0.766887197
$98.99 $149.99,"Average rating:4.3333out of5stars, based on3reviews3ratings Average rating:4.3333out of5stars, based on3reviews3ratings",,RTS Wood Grain Resin Flat Back Rain Barrel,https://www.walmart.com/ip/RTS-Wood-Grain-Resin-Flat-Back-Rain-Barrel/17456857,0.282746325
$29.00 $48.81,"Average rating:4.7222out of5stars, based on18reviews18ratings Average rating:4.7222out of5stars, based on18reviews18ratings",,Rubbermaid Brute Round Container,https://www.walmart.com/ip/Rubbermaid-Brute-Round-Container/16352361,0.612790429
$120.99 ,"Average rating:3.25out of5stars, based on4reviews4ratings Average rating:3.25out of5stars, based on4reviews4ratings",,"Algreen 65 Gallon Cascata Rain Water Barrel, Sandalw  ...",https://www.walmart.com/ip/Algreen-65-Gallon-Cascata-Rain-Water-Barrel-Sandalwood/17355215,0.572158974
$39.99 $79.99,,,Jump Start 24-Cell Macro Plug Mini Germination Stati  ...,https://www.walmart.com/ip/Jump-Start-24-Cell-Macro-Plug-Mini-Germination-Station-with-Vented-Dome-2-Pack/102285546,0.020436948
$87.95 $96.61,"Average rating:4.4444out of5stars, based on27reviews27ratings Average rating:4.4444out of5stars, based on27reviews27ratings",,"RTS Home Accents Flat Back Rain Barrel, Brown",https://www.walmart.com/ip/RTS-Home-Accents-Flat-Back-Rain-Barrel-Brown/21867600,0.77959016
$699.99 $781.10,"Average rating:4out of5stars, based on1reviews1ratings Average rating:4out of5stars, based on1reviews1ratings",,Exaco 105 Gallon Brick Wall Rain Barrel,https://www.walmart.com/ip/Exaco-105-Gallon-Brick-Wall-Rain-Barrel/26377179,0.855538802
$199.99 ,"Average rating:2.5out of5stars, based on2reviews2ratings Average rating:2.5out of5stars, based on2reviews2ratings",,Upcycle 55 Gallon Plastic Compost Tumbler,https://www.walmart.com/ip/Upcycle-55-Gallon-Plastic-Compost-Tumbler/17463056,0.968138528
$20.12 ,,,COMPOST TEA,https://www.walmart.com/ip/COMPOST-TEA/178556670,0.090305649
$126.58 ,"Average rating:4.5222out of5stars, based on90reviews90ratings Average rating:4.5222out of5stars, based on90reviews90ratings",,Kyoto 55 Gallon Sand-Stone-Look Rain Barrel,https://www.walmart.com/ip/Kyoto-55-Gallon-Sand-Stone-Look-Rain-Barrel/11988160,0.178168013
$19.44 $30.67,,,EarthMinded Rain Barrel Linking Kit,https://www.walmart.com/ip/EarthMinded-Rain-Barrel-Linking-Kit/30503366,0.883142105
$16.47 ,,,AlgoPlus Regenerator,https://www.walmart.com/ip/AlgoPlus-Regenerator/631552399,0.503408518
$28.12 $37.81,"Average rating:4.3846out of5stars, based on13reviews13ratings Average rating:4.3846out of5stars, based on13reviews13ratings",,Rain Barrel Soaker Hose 50,https://www.walmart.com/ip/Rain-Barrel-Soaker-Hose-50/14663276,0.089152947
$306.85 $374.45,"Average rating:3.375out of5stars, based on16reviews16ratings Average rating:3.375out of5stars, based on16reviews16ratings",,Sun-Mar Composter 200 Series,https://www.walmart.com/ip/Sun-Mar-Composter-200-Series/14895656,0.450727028
,,,Mushroom Compost 40lb,https://www.walmart.com/ip/Mushroom-Compost-40lb/191270432,0.713091203
$107.99 $116.99,"Average rating:2out of5stars, based on1reviews1ratings Average rating:2out of5stars, based on1reviews1ratings",,"Impressions Downton 50-Gallon Rain Saver, Dark Grani  ...",https://www.walmart.com/ip/Impressions-Downton-50-Gallon-Rain-Saver-Dark-Granite/47192418,0.086233837
$69.00 ,,,"Boulder Clean CompoKeeper Kitchen Compost Bin-Black,  ...",https://www.walmart.com/ip/Boulder-Clean-CompoKeeper-Kitchen-Compost-Bin-Black-6-gal/391904424,0.581083542
$71.97 $121.43,,,Achla Designs RB-02 75-Gallon Green Rain Barrel With  ...,https://www.walmart.com/ip/Achla-Designs-RB-02-75-Gallon-Green-Rain-Barrel-With-Screen/35822565,0.536919602
$179.99 ,,,Tierra-Derco 50 Gallon Compost Tumbler,https://www.walmart.com/ip/Tierra-Derco-50-Gallon-Compost-Tumbler/33486447,0.264308939
$120.17 ,"Average rating:3.4286out of5stars, based on7reviews7ratings Average rating:3.4286out of5stars, based on7reviews7ratings",,Koolscapes 50-Gallon Sandstone-Look Decorative Rain   ...,https://www.walmart.com/ip/Koolscapes-50-Gallon-Sandstone-Look-Decorative-Rain-Barrel/43411367,0.76917413
$20.99 $24.75,"Average rating:4.1739out of5stars, based on23reviews23ratings Average rating:4.1739out of5stars, based on23reviews23ratings",$20.99 - $24.75,Exaco 2-in-1 Kitchen Compost Bucket with Lid,https://www.walmart.com/ip/Exaco-2-in-1-Kitchen-Compost-Bucket-with-Lid/20655833,0.916576472
$35.00 $43.56,,,Cedar Grove 1.8g Stainless Steel EM Kitchen Compost   ...,https://www.walmart.com/ip/Cedar-Grove-1-8g-Stainless-Steel-EM-Kitchen-Compost-Bin-Includes-1-Charcoal-Filter-and-4-100-Compostable-Bags/166396555,0.230450216
$75.60 $326.95,"Average rating:4.1842out of5stars, based on38reviews38ratings Average rating:4.1842out of5stars, based on38reviews38ratings",$75.60 - $326.95,Rescue Waterstones 40 Gal Rain Barrel with Downspout  ...,https://www.walmart.com/ip/Rescue-Waterstones-40-Gal-Rain-Barrel-with-Downspout-Diverter/14099046,0.982351
$112.17 ,"Average rating:4.2486out of5stars, based on181reviews181ratings Average rating:4.2486out of5stars, based on181reviews181ratings",,"Soil Machine Pro, Black",https://www.walmart.com/ip/Soil-Machine-Pro-Black/17431234,0.983262063
$107.99 $116.99,,,"Impressions Downton 50-Gallon Rain Saver, Slate",https://www.walmart.com/ip/Impressions-Downton-50-Gallon-Rain-Saver-Slate/47192420,0.693644766
$107.99 ,"Average rating:1out of5stars, based on1reviews1ratings Average rating:1out of5stars, based on1reviews1ratings",,Good Ideas Rain Wizard 50 Gallon Rain Barrel,https://www.walmart.com/ip/Good-Ideas-Rain-Wizard-50-Gallon-Rain-Barrel/45651427,0.219140919
$19.44 ,"Average rating:2.5out of5stars, based on2reviews2ratings Average rating:2.5out of5stars, based on2reviews2ratings",,Garland Jumbo Odor-Free Biodegradable Caddy Liners,https://www.walmart.com/ip/Garland-Jumbo-Odor-Free-Biodegradable-Caddy-Liners/17623527,0.437995247
$12.67 ,"Average rating:3out of5stars, based on1reviews1ratings Average rating:3out of5stars, based on1reviews1ratings",,1.3-Gallon Kitchen Compost Bin with 1 Free Carbon Fi  ...,https://www.walmart.com/ip/1-3-Gallon-Kitchen-Compost-Bin-with-1-Free-Carbon-Filter/45596358,0.269211538
$15.24 ,"Average rating:5out of5stars, based on1reviews1ratings Average rating:5out of5stars, based on1reviews1ratings",,Down to Earth 07804 6 Lb All Natural Azomite Trace M  ...,https://www.walmart.com/ip/Down-to-Earth-07804-6-Lb-All-Natural-Azomite-Trace-Minerals-Powder-0-0-0-2/55542166,0.25531398
$298.94 ,"Average rating:4.4189out of5stars, based on74reviews74ratings Average rating:4.4189out of5stars, based on74reviews74ratings",,Good Ideas Compost Wizard Dueling Tumbler,https://www.walmart.com/ip/Good-Ideas-Compost-Wizard-Dueling-Tumbler/22698404,0.954620597
$199.98 ,"Average rating:2.6667out of5stars, based on3reviews3ratings Average rating:2.6667out of5stars, based on3reviews3ratings",,"Juwel 110-Gallon Compost Bin, Green",https://www.walmart.com/ip/Juwel-110-Gallon-Compost-Bin-Green/20743010,0.757301105
$102.78 ,"Average rating:3.9828out of5stars, based on58reviews58ratings Average rating:3.9828out of5stars, based on58reviews58ratings",,"Savannah Rain Saver, Green",https://www.walmart.com/ip/Savannah-Rain-Saver-Green/22961262,0.554204884
$243.38 $375.00,,,50 Gal. HD Wheeled Tumbling Composter,https://www.walmart.com/ip/50-Gal-HD-Wheeled-Tumbling-Composter/39353610,0.084543517
$86.99 $119.00,,,Great American Rain Barrel 60 Gallon Rain Barrel,https://www.walmart.com/ip/Great-American-Rain-Barrel-60-Gallon-Rain-Barrel/122273433,0.191413575
$66.45 ,"Average rating:1out of5stars, based on1reviews1ratings Average rating:1out of5stars, based on1reviews1ratings",,Sun-Mar CompostSure Composting Accelerator for Low F  ...,https://www.walmart.com/ip/Sun-Mar-CompostSure-Composting-Accelerator-for-Low-Flush-Systems-5-Bags/17464226,0.61131148
$32.99 $34.99,,$32.99 - $34.99,Riverstone Industries Portable Composting Sack,https://www.walmart.com/ip/Riverstone-Industries-Portable-Composting-Sack/20964832,0.302027482
$7.72 $15.99,,,Landscape Plastic Seeds Widger Dibber Transplanting   ...,https://www.walmart.com/ip/Landscape-Plastic-Seeds-Widger-Dibber-Transplanting-Planting-Tools-Sets-Blue/172116136,0.914921531
$99.98 ,"Average rating:4.2273out of5stars, based on22reviews22ratings Average rating:4.2273out of5stars, based on22reviews22ratings",,Hot Frog Mobile Dual-Chamber Compost Tumbler,https://www.walmart.com/ip/Hot-Frog-Mobile-Dual-Chamber-Compost-Tumbler/51464023,0.634290955
$85.26 $127.58,,,Rescue 55 Gallon Blue DIY Rain Barrel - Food Grade -  ...,https://www.walmart.com/ip/Rescue-55-Gallon-Blue-DIY-Rain-Barrel-Food-Grade-Includes-Spigot-and-Diverter-Kit/180555295,0.454705492
$25.67 ,"Average rating:3out of5stars, based on2reviews2ratings Average rating:3out of5stars, based on2reviews2ratings",,"Yard Butler ICA-36 37"" Compost Aerator",https://www.walmart.com/ip/Yard-Butler-ICA-36-37-Compost-Aerator/21566459,0.795832232
$16.69 ,,,Rain Reserve Valve Kit,https://www.walmart.com/ip/Rain-Reserve-Valve-Kit/40596244,0.401262116
,,,Atlantic Water Gardens RHRB055 Half Rain Barrel 55 G  ...,https://www.walmart.com/ip/Atlantic-Water-Gardens-RHRB055-Half-Rain-Barrel-55-Gal/47755350,0.137499689
$14.98 ,"Average rating:3.5out of5stars, based on2reviews2ratings Average rating:3.5out of5stars, based on2reviews2ratings",,VermiHut Individual-Tray Recycled Plastic Worm Compo  ...,https://www.walmart.com/ip/VermiHut-Individual-Tray-Recycled-Plastic-Worm-Composter-Terra-Cotta/17461824,0.060015878
$167.65 $220.83,"Average rating:4.2316out of5stars, based on177reviews177ratings Average rating:4.2316out of5stars, based on177reviews177ratings",,Compost Wizard,https://www.walmart.com/ip/Compost-Wizard/17431260,0.07201548
$124.99 ,"Average rating:5out of5stars, based on1reviews1ratings Average rating:5out of5stars, based on1reviews1ratings",,Exaco Eco King 600 Recycled Plastic 160-gal. Large C  ...,https://www.walmart.com/ip/Exaco-Eco-King-600-Recycled-Plastic-160-gal-Large-Compost-Bin/17470368,0.701556808
$780.99 ,"Average rating:4out of5stars, based on2reviews2ratings Average rating:4out of5stars, based on2reviews2ratings",,Jora 106 gal. 400 Compost Tumbler,https://www.walmart.com/ip/Jora-106-gal-400-Compost-Tumbler/22016214,0.786602547
$87.99 ,"Average rating:4.1739out of5stars, based on69reviews69ratings Average rating:4.1739out of5stars, based on69reviews69ratings",,"SUNCAST RB50D Rain Barrel, 50 gal,Taupe",https://www.walmart.com/ip/SUNCAST-RB50D-Rain-Barrel-50-gal-Taupe/13727242,0.304854551
$157.99 ,,,Madison Rain Catcher - Black,https://www.walmart.com/ip/Madison-Rain-Catcher-Black/17397638,0.983278352
$5.43 $10.99,,,Kitchen Metal Round Basin Waste Stopper Sink Drain F  ...,https://www.walmart.com/ip/Kitchen-Metal-Round-Basin-Waste-Stopper-Sink-Drain-Filter-Strainer-Silver-Tone/455778609,0.747388086
$104.94 ,,,"Rain Wizard 40, Darkened Ribs, Green",https://www.walmart.com/ip/Rain-Wizard-40-Darkened-Ribs-Green/19255906,0.552859067
$15.11 $24.26,,,"Purple Cow Organics PC ACTIVATED-1 CF Compost, Piece  ...",https://www.walmart.com/ip/Purple-Cow-Organics-PC-ACTIVATED-1-CF-Compost-Piece-or-PC-Activated-Cu-Ft/161757838,0.869134183
$17.67 ,,,Scotts Miracle Gro CA15IN4001 Organic Compost Accele  ...,https://www.walmart.com/ip/Scotts-Miracle-Gro-CA15IN4001-Organic-Compost-Accelerator-10-0-0-Formula-4-Lbs/47662470,0.392801337
$187.97 ,"Average rating:2out of5stars, based on1reviews1ratings Average rating:2out of5stars, based on1reviews1ratings",,"Impressions 90-Gallon Bark Rain Saver, Black",https://www.walmart.com/ip/Impressions-90-Gallon-Bark-Rain-Saver-Black/35283156,0.783956225
$59.99 ,"Average rating:4.8out of5stars, based on5reviews5ratings Average rating:4.8out of5stars, based on5reviews5ratings",,Emergency Essentials 30 Gallon Water Barrel,https://www.walmart.com/ip/Emergency-Essentials-30-Gallon-Water-Barrel/48735088,0.318011102
$78.56 ,"Average rating:4.3out of5stars, based on20reviews20ratings Average rating:4.3out of5stars, based on20reviews20ratings",,"Rain Wizard Rock, Light Granite",https://www.walmart.com/ip/Rain-Wizard-Rock-Light-Granite/17431249,0.754419228
"$2,134.00 ",,,Centrex 3000 Electric Composting Toilet System,https://www.walmart.com/ip/Centrex-3000-Electric-Composting-Toilet-System/30323246,0.753815791
$25.95 $35.17,,,BOSMERE K772 8 Extra slats for Wood Compost Bin,https://www.walmart.com/ip/BOSMERE-K772-8-Extra-slats-for-Wood-Compost-Bin/30990782,0.17596343
$90.99 ,"Average rating:3out of5stars, based on1reviews1ratings Average rating:3out of5stars, based on1reviews1ratings",,"Impressions 50-Gallon Palm Rain Saver, Oak",https://www.walmart.com/ip/Impressions-50-Gallon-Palm-Rain-Saver-Oak/35283168,0.882184803
$69.45 ,,,Eco-Products Plantware Renewable & Compostable Knife  ...,https://www.walmart.com/ip/Eco-Products-Plantware-Renewable-Compostable-Knife-6-50-PK-20-PK-CT/19691386,0.457221175
$36.32 ,,,Smart Pot Compost Sak,https://www.walmart.com/ip/Smart-Pot-Compost-Sak/55541118,0.708549761
$118.99 $164.29,"Average rating:4.0476out of5stars, based on21reviews21ratings Average rating:4.0476out of5stars, based on21reviews21ratings",,"Rain Wizard 50, Darkened Ribs, Oak",https://www.walmart.com/ip/Rain-Wizard-50-Darkened-Ribs-Oak/17431238,0.820276702
$121.99 $169.99,"Average rating:3.3333out of5stars, based on3reviews3ratings Average rating:3.3333out of5stars, based on3reviews3ratings",,"Savannah Rain Saver, Sandstone",https://www.walmart.com/ip/Savannah-Rain-Saver-Sandstone/22961233,0.383823581
$39.95 ,,,RSVP-INTL Kitchen Composter,https://www.walmart.com/ip/RSVP-INTL-Kitchen-Composter/142460522,0.907963614
$107.28 ,"Average rating:4.1538out of5stars, based on104reviews104ratings Average rating:4.1538out of5stars, based on104reviews104ratings",,"Lifetime 65-Gallon Compost Tumbler, Black, 60028",https://www.walmart.com/ip/Lifetime-65-Gallon-Compost-Tumbler-Black-60028/20904028,0.79589417
$15.39 $34.81,"Average rating:4.5out of5stars, based on2reviews2ratings Average rating:4.5out of5stars, based on2reviews2ratings",$15.39 - $34.81,Aquascape Pond Plant Potting Media,https://www.walmart.com/ip/Aquascape-Pond-Plant-Potting-Media/51965254,0.864423665
$120.99 $149.00,"Average rating:4.8971out of5stars, based on68reviews68ratings Average rating:4.8971out of5stars, based on68reviews68ratings",$120.99 - $149.00,Rain Water Solutions 50 Gallon Rain Barrel,https://www.walmart.com/ip/Rain-Water-Solutions-50-Gallon-Rain-Barrel/44099701,0.666941422
$12.99 $25.99,,,Bathroom Metal Basin Waste Stopper Sink Drain Filter  ...,https://www.walmart.com/ip/Bathroom-Metal-Basin-Waste-Stopper-Sink-Drain-Filter-Strainer-Silver-Tone-5-Pcs/348289591,0.054766241
$53.44 ,,,Vignetting the Compost,https://www.walmart.com/ip/Vignetting-the-Compost/28567365,0.237305627
$99.99 ,"Average rating:5out of5stars, based on1reviews1ratings Average rating:5out of5stars, based on1reviews1ratings",,Ultimate 55 Gal Water Barrel Combo,https://www.walmart.com/ip/Ultimate-55-Gal-Water-Barrel-Combo/55488337,0.575933075
$5.83 $11.99,,,Family Metal Round Garbage Stopper Drainer Sink Stra  ...,https://www.walmart.com/ip/Family-Metal-Round-Garbage-Stopper-Drainer-Sink-Strainer-Silver-Tone-10-9cm-Dia/202082044,0.948144336
$89.60 ,"Average rating:5out of5stars, based on1reviews1ratings Average rating:5out of5stars, based on1reviews1ratings",,"Rain Wizard 40, Darkened Ribs, Terra Cotta",https://www.walmart.com/ip/Rain-Wizard-40-Darkened-Ribs-Terra-Cotta/19255930,0.902687494
$188.04 ,"Average rating:5out of5stars, based on1reviews1ratings Average rating:5out of5stars, based on1reviews1ratings",,"Fiskars Salsa 58gal Rain Barrel w/ Diverter I, Spice  ...",https://www.walmart.com/ip/Fiskars-Salsa-58gal-Rain-Barrel-w-Diverter-I-Spice-Granite/495004785,0.098729956
$8.99 $17.99,,,Landscape Garden Seedings Widger Dibber Transplantin  ...,https://www.walmart.com/ip/Landscape-Garden-Seedings-Widger-Dibber-Transplanting-Planting-Tools-Blue-2-Sets/173365921,0.49791983
$28.26 $38.29,,,Steve Chen 9313020 Bamboo Compost Pail,https://www.walmart.com/ip/Steve-Chen-9313020-Bamboo-Compost-Pail/170065268,0.880918483
$135.99 ,,,"Rain Wizard 65, Green",https://www.walmart.com/ip/Rain-Wizard-65-Green/49334404,0.279110723
$84.21 ,"Average rating:4.125out of5stars, based on8reviews8ratings Average rating:4.125out of5stars, based on8reviews8ratings",,"Rain Wizard 40, Green",https://www.walmart.com/ip/Rain-Wizard-40-Green/17431247,0.569251787
$79.45 $88.26,"Average rating:4.2out of5stars, based on5reviews5ratings Average rating:4.2out of5stars, based on5reviews5ratings",,"Rain Wizard 40, Khaki",https://www.walmart.com/ip/Rain-Wizard-40-Khaki/17431245,0.488095584
$119.99 ,"Average rating:3out of5stars, based on1reviews1ratings Average rating:3out of5stars, based on1reviews1ratings",,"Rain Vault, Darkened Ribs, Green",https://www.walmart.com/ip/Rain-Vault-Darkened-Ribs-Green/35283180,0.049224656
$52.98 $59.99,"Average rating:4.0877out of5stars, based on57reviews57ratings Average rating:4.0877out of5stars, based on57reviews57ratings",,Rain Wizard Plastic Rain Barrel Stand,https://www.walmart.com/ip/Rain-Wizard-Plastic-Rain-Barrel-Stand/14664784,0.433729394
$770.00 ,"Average rating:5out of5stars, based on1reviews1ratings Average rating:5out of5stars, based on1reviews1ratings",,Exaco Slatted Rain Barrel,https://www.walmart.com/ip/Exaco-Slatted-Rain-Barrel/26377175,0.850092359
$468.99 $499.99,,,Gronomics 13.5 cu. ft. Stationary Composter,https://www.walmart.com/ip/Gronomics-13-5-cu-ft-Stationary-Composter/43466927,0.286774955
$109.99 ,,,"Impressions Downton 50-Gallon Rain Saver, Darkened R  ...",https://www.walmart.com/ip/Impressions-Downton-50-Gallon-Rain-Saver-Darkened-Ribs-Sandstone/47192428,0.71316478
$499.99 $589.99,,,Exaco 66 Gallon Roman Rain Barrel with Planter,https://www.walmart.com/ip/Exaco-66-Gallon-Roman-Rain-Barrel-with-Planter/47409990,0.454211316
$376.98 ,,,Terranova Oval Rain Barrel Beige,https://www.walmart.com/ip/Terranova-Oval-Rain-Barrel-Beige/49802755,0.366654343
$165.99 ,"Average rating:4.5out of5stars, based on20reviews20ratings Average rating:4.5out of5stars, based on20reviews20ratings",,Compost Wizard Starter Kit,https://www.walmart.com/ip/Compost-Wizard-Starter-Kit/21699687,0.540720928
$23.68 ,"Average rating:3.4286out of5stars, based on21reviews21ratings Average rating:3.4286out of5stars, based on21reviews21ratings",,Oatey 14209 Mystic Rainwater Collection System,https://www.walmart.com/ip/Oatey-14209-Mystic-Rainwater-Collection-System/21742909,0.419323239
$60.63 ,,,Greensmix 1CF Mushroom Compost,https://www.walmart.com/ip/Greensmix-1CF-Mushroom-Compost/16782595,0.962248569
$23.14 $26.71,"Average rating:5out of5stars, based on1reviews1ratings Average rating:5out of5stars, based on1reviews1ratings",,EarthMinded Add-A-Spigot Kit,https://www.walmart.com/ip/EarthMinded-Add-A-Spigot-Kit/573569991,0.15453818
$12.50 ,"Average rating:4.7out of5stars, based on10reviews10ratings Average rating:4.7out of5stars, based on10reviews10ratings",,All Seasons Bokashi,https://www.walmart.com/ip/All-Seasons-Bokashi/17464239,0.969445745
$18.31 ,,,Down To Earth Crab Meal - 5 lb,https://www.walmart.com/ip/Down-To-Earth-Crab-Meal-5-lb/156516128,0.407196197
$106.01 $221.09,"Average rating:5out of5stars, based on1reviews1ratings Average rating:5out of5stars, based on1reviews1ratings",,Painted Rain Barrel - Forest Green,https://www.walmart.com/ip/Painted-Rain-Barrel-Forest-Green/39354918,0.555606497
$143.49 ,"Average rating:2.75out of5stars, based on4reviews4ratings Average rating:2.75out of5stars, based on4reviews4ratings",,Sandstone Composter,https://www.walmart.com/ip/Sandstone-Composter/14138537,0.097289058
$241.08 ,,,"Compost Wizard Dual Senior Starter Kit, Black",https://www.walmart.com/ip/Compost-Wizard-Dual-Senior-Starter-Kit-Black/54170505,0.654867613
$99.99 $117.99,,,RainBarrel USA 55 Gallon Rain Barrel,https://www.walmart.com/ip/RainBarrel-USA-55-Gallon-Rain-Barrel/600393505,0.332309136
$214.80 $233.99,,,Good Ideas Rain Barrel and Compost Wizard Hybrid,https://www.walmart.com/ip/Good-Ideas-Rain-Barrel-and-Compost-Wizard-Hybrid/14663271,0.087576288
$121.99 $169.99,"Average rating:5out of5stars, based on1reviews1ratings Average rating:5out of5stars, based on1reviews1ratings",,"Savannah Rain Saver, Light Granite",https://www.walmart.com/ip/Savannah-Rain-Saver-Light-Granite/22961232,0.88561076
$77.89 $85.68,"Average rating:4.2857out of5stars, based on7reviews7ratings Average rating:4.2857out of5stars, based on7reviews7ratings",,"Rain Wizard 40, Black",https://www.walmart.com/ip/Rain-Wizard-40-Black/17431244,0.948837421
$50.49 $56.14,"Average rating:4out of5stars, based on2reviews2ratings Average rating:4out of5stars, based on2reviews2ratings",,Bosmere Wire Compost Bin K765,https://www.walmart.com/ip/Bosmere-Wire-Compost-Bin-K765/17718250,0.638742697
$59.99 ,,,Hamptons Rain Barrel Stand,https://www.walmart.com/ip/Hamptons-Rain-Barrel-Stand/19790670,0.301047067
$129.99 ,,,"Rain Wizard 50 Diverter Kit, Green",https://www.walmart.com/ip/Rain-Wizard-50-Diverter-Kit-Green/22853216,0.297516148
$14.02 ,"Average rating:5out of5stars, based on1reviews1ratings Average rating:5out of5stars, based on1reviews1ratings",,Compost Maker,https://www.walmart.com/ip/Compost-Maker/21583149,0.314613314
$14.98 ,,,VermiHut Individual-Tray Recycled Plastic Worm Compo  ...,https://www.walmart.com/ip/VermiHut-Individual-Tray-Recycled-Plastic-Worm-Composter-Green/17461818,0.780122218
$119.99 ,"Average rating:3.75out of5stars, based on4reviews4ratings Average rating:3.75out of5stars, based on4reviews4ratings",,"Leisure Season Compost Bin, Medium Brown",https://www.walmart.com/ip/Leisure-Season-Compost-Bin-Medium-Brown/26445704,0.214724362
$124.75 ,"Average rating:4.5455out of5stars, based on11reviews11ratings Average rating:4.5455out of5stars, based on11reviews11ratings",,Upcycle 50 Gallon Terra-Cotta Rain Barrel,https://www.walmart.com/ip/Upcycle-50-Gallon-Terra-Cotta-Rain-Barrel/17626896,0.29782376
$333.99 $378.99,,,"Garden Wizard RGB Hybrid, Dark Granite",https://www.walmart.com/ip/Garden-Wizard-RGB-Hybrid-Dark-Granite/20416969,0.750349941
$31.02 ,"Average rating:3.5125out of5stars, based on80reviews80ratings Average rating:3.5125out of5stars, based on80reviews80ratings",,Garbage Caddy,https://www.walmart.com/ip/Garbage-Caddy/10135841,0.325741659
$89.99 $111.78,,,"Impressions 50-Gallon Palm Rain Saver, Green",https://www.walmart.com/ip/Impressions-50-Gallon-Palm-Rain-Saver-Green/35283164,0.358151416
$229.99 ,,,"Compost Wizard Downton, Cool Gray",https://www.walmart.com/ip/Compost-Wizard-Downton-Cool-Gray/47192439,0.979293733
$19.49 ,,,Root Riotâ„¢ Natural Plant Starter Refill Bag,https://www.walmart.com/ip/Root-Riot-Natural-Plant-Starter-Refill-Bag/54891092,0.30900712
$161.89 $179.32,,$161.89 - $179.32,Algreen Barcelona 100 Gallon Rain Barrel,https://www.walmart.com/ip/Algreen-Barcelona-100-Gallon-Rain-Barrel/23914418,0.214509507
$126.99 ,,,"Rain Wizard 65, Terra Cotta",https://www.walmart.com/ip/Rain-Wizard-65-Terra-Cotta/49334403,0.760824064
$69.99 $99.00,"Average rating:4.7885out of5stars, based on52reviews52ratings Average rating:4.7885out of5stars, based on52reviews52ratings",,Emergency Essentials 55 Gallon Water Barrel,https://www.walmart.com/ip/Emergency-Essentials-55-Gallon-Water-Barrel/48735101,0.646683469
$42.99 ,,,Cook N Home Cook N Home 1 Gal. Kitchen Composter,https://www.walmart.com/ip/Cook-N-Home-Cook-N-Home-1-Gal-Kitchen-Composter/34587193,0.472855597
$19.99 ,"Average rating:4.2319out of5stars, based on69reviews69ratings Average rating:4.2319out of5stars, based on69reviews69ratings",,"Eco Kitchen Compost Pail with Carbon Filter, Green",https://www.walmart.com/ip/Eco-Kitchen-Compost-Pail-with-Carbon-Filter-Green/19241479,0.854188045
$114.99 ,"Average rating:4.3333out of5stars, based on3reviews3ratings Average rating:4.3333out of5stars, based on3reviews3ratings",,"Impressions 50-Gallon Nantucket Rain Saver, Black",https://www.walmart.com/ip/Impressions-50-Gallon-Nantucket-Rain-Saver-Black/40572164,0.316815944
$104.49 ,,,"Impressions 50-Gallon Bark Rain Saver, Green",https://www.walmart.com/ip/Impressions-50-Gallon-Bark-Rain-Saver-Green/40572154,0.603903771
$28.49 $38.11,"Average rating:5out of5stars, based on2reviews2ratings Average rating:5out of5stars, based on2reviews2ratings",,Norpro 1 gal Stainless Steel Compost Keeper,https://www.walmart.com/ip/Norpro-1-gal-Stainless-Steel-Compost-Keeper/21583550,0.987954432
$52.34 ,,,Access Lighting Rain 3 Light Pendant,https://www.walmart.com/ip/Access-Lighting-Rain-3-Light-Pendant/37894335,0.972290072
$338.43 ,,,Exaco Oval 73-gal. Plastic Rain Barrel,https://www.walmart.com/ip/Exaco-Oval-73-gal-Plastic-Rain-Barrel/44629867,0.527056901
$133.99 ,,,Tierra Garden 85 Gal. Stationary Composter,https://www.walmart.com/ip/Tierra-Garden-85-Gal-Stationary-Composter/54311246,0.316229638
$100.73 $155.84,,,Rain Barrel - Unpainted,https://www.walmart.com/ip/Rain-Barrel-Unpainted/46162037,0.868493033
$42.99 ,"Average rating:4.4348out of5stars, based on23reviews23ratings Average rating:4.4348out of5stars, based on23reviews23ratings",,All Seasons Indoor Composter Kit,https://www.walmart.com/ip/All-Seasons-Indoor-Composter-Kit/17464240,2.22611E-05
$14.99 ,,,"Full Circle Collector & Freezer Compost Bin, FC11302  ...",https://www.walmart.com/ip/Full-Circle-Collector-Freezer-Compost-Bin-FC11302-G-Green/28651482,0.674663265
$99.99 $113.99,"Average rating:4.75out of5stars, based on4reviews4ratings Average rating:4.75out of5stars, based on4reviews4ratings",,"Miracle-Gro Dual Chamber Tumbling Composter, 70L/18.  ...",https://www.walmart.com/ip/Miracle-Gro-Dual-Chamber-Tumbling-Composter-70L-18-5-Gals-Per-Chamber/49302070,0.551890325
$819.99 ,,,Exaco GRAF 92 Gallon Slatted Rain Barrel,https://www.walmart.com/ip/Exaco-GRAF-92-Gallon-Slatted-Rain-Barrel/39114546,0.859524879
$209.99 ,,,Rain Reserve Build-a-Barrel 100 Gallon Rain Barrel,https://www.walmart.com/ip/Rain-Reserve-Build-a-Barrel-100-Gallon-Rain-Barrel/40615596,0.089650412
$18.37 ,,,Rain Reserve Link Kit,https://www.walmart.com/ip/Rain-Reserve-Link-Kit/40596243,0.360632747
$90.77 $119.00,,,Great American Rain Barrel 60 Gallon Rain Barrel,https://www.walmart.com/ip/Great-American-Rain-Barrel-60-Gallon-Rain-Barrel/109377054,0.722034767
$9.50 $18.99,,,Kitchen Metal Round Leftover Drainer Sink Strainer S  ...,https://www.walmart.com/ip/Kitchen-Metal-Round-Leftover-Drainer-Sink-Strainer-Silver-Tone-9cm-Dia-2-Pcs/455960982,0.928713857
$123.99 ,,,"Impressions Bali 50-Gallon Rain Saver, Desert Sand",https://www.walmart.com/ip/Impressions-Bali-50-Gallon-Rain-Saver-Desert-Sand/47192416,0.705555998
$445.99 $698.99,,$445.99 - $698.99,Exaco Wave 92 Gallon Plastic Rain Barrel,https://www.walmart.com/ip/Exaco-Wave-92-Gallon-Plastic-Rain-Barrel/852522673,0.488327483
$22.40 ,,,BLACK DIAMOND 25-RBRF Replacement Rain Barrel Filter  ...,https://www.walmart.com/ip/BLACK-DIAMOND-25-RBRF-Replacement-Rain-Barrel-Filters-Blk-PK5/51404014,0.82020151
$87.99 $116.89,"Average rating:4.4611out of5stars, based on193reviews193ratings Average rating:4.4611out of5stars, based on193reviews193ratings",,"Rain Wizard 40, Oak",https://www.walmart.com/ip/Rain-Wizard-40-Oak/17431243,0.062719697
$114.78 ,"Average rating:5out of5stars, based on1reviews1ratings Average rating:5out of5stars, based on1reviews1ratings",,"Impressions 50-Gallon Palm Rain Saver, Dark Granite",https://www.walmart.com/ip/Impressions-50-Gallon-Palm-Rain-Saver-Dark-Granite/35283162,0.396806914
$18.07 ,,,Central Garden Brands 100099419 4 lb. Compost Maker,https://www.walmart.com/ip/Central-Garden-Brands-100099419-4-lb-Compost-Maker/132053976,0.936274102
$180.98 ,"Average rating:3out of5stars, based on2reviews2ratings Average rating:3out of5stars, based on2reviews2ratings",,ACHLA DESIGNS CMP-05 Black Tumbling Composter,https://www.walmart.com/ip/ACHLA-DESIGNS-CMP-05-Black-Tumbling-Composter/17363538,0.537786716
$109.99 ,,,"Impressions 50-Gallon Bark Rain Saver, Light Granite",https://www.walmart.com/ip/Impressions-50-Gallon-Bark-Rain-Saver-Light-Granite/40572155,0.369612036
$9.29 $18.99,,,Unique Bargains Kitchen Bathroom Sink Drain Strainer  ...,https://www.walmart.com/ip/Unique-Bargains-Kitchen-Bathroom-Sink-Drain-Strainer-Screen-Stopper-Metal-Filter-Basket-83mm-Dia/151037991,0.978929218
$42.59 ,"Average rating:4.3125out of5stars, based on48reviews48ratings Average rating:4.3125out of5stars, based on48reviews48ratings",,RSVP-INTL Endurance  1 Gal. Kitchen Composter,https://www.walmart.com/ip/RSVP-INTL-Endurance-1-Gal-Kitchen-Composter/26614480,0.315350888
$53.94 $71.28,,,"Jaya PLA-DL-XH Clear Dome Lid X hole for 9, 12, 16,   ...",https://www.walmart.com/ip/Jaya-PLA-DL-XH-Clear-Dome-Lid-X-hole-for-9-44-12-44-16-44-20-44-24-oz-Cup-Pack-of-1000/960608624,0.11604801
$33.39 ,,,"Norpro 3-Quart Ceramic Floral Compost Keeper, Blue a  ...",https://www.walmart.com/ip/Norpro-3-Quart-Ceramic-Floral-Compost-Keeper-Blue-and-White/29059084,0.138121332
$170.99 ,"Average rating:4.5out of5stars, based on4reviews4ratings Average rating:4.5out of5stars, based on4reviews4ratings",,Koolscape 50 gal HD Wheeled Tumbling Composter,https://www.walmart.com/ip/Koolscape-50-gal-HD-Wheeled-Tumbling-Composter/37420911,0.249921183
$360.00 ,"Average rating:4.5385out of5stars, based on13reviews13ratings Average rating:4.5385out of5stars, based on13reviews13ratings",,Exaco 123 Gallon Aerobin 400 Insulated Compost Bin,https://www.walmart.com/ip/Exaco-123-Gallon-Aerobin-400-Insulated-Compost-Bin/17439727,0.25723614
,,,UrBin Grower Kit - Black,https://www.walmart.com/ip/UrBin-Grower-Kit-Black/27725547,0.929693059
$111.84 ,"Average rating:4.2879out of5stars, based on66reviews66ratings Average rating:4.2879out of5stars, based on66reviews66ratings",,"Impressions 50-Gallon Palm Rain Saver, Black",https://www.walmart.com/ip/Impressions-50-Gallon-Palm-Rain-Saver-Black/35283163,0.916287002
$89.00 $99.93,"Average rating:4.5047out of5stars, based on317reviews317ratings Average rating:4.5047out of5stars, based on317reviews317ratings",,YIMBY IM4000 Dual-Chamber Tumbling Composter,https://www.walmart.com/ip/YIMBY-IM4000-Dual-Chamber-Tumbling-Composter/20964928,0.878999274
$360.99 ,,,Exaco Vino Rain Barrel,https://www.walmart.com/ip/Exaco-Vino-Rain-Barrel/49692804,0.705662762
$39.99 ,,,Universal Rain Barrel Water Removal Kit,https://www.walmart.com/ip/Universal-Rain-Barrel-Water-Removal-Kit/26377188,0.360151032
$26.79 ,"Average rating:4out of5stars, based on1reviews1ratings Average rating:4out of5stars, based on1reviews1ratings",,31 gal Garden Recycler,https://www.walmart.com/ip/31-gal-Garden-Recycler/10975523,0.291059604
$215.99 ,"Average rating:4.5out of5stars, based on10reviews10ratings Average rating:4.5out of5stars, based on10reviews10ratings",,Koolscape 75 Gal. Sandstone-look Decorative Rain Bar  ...,https://www.walmart.com/ip/Koolscape-75-Gal-Sandstone-look-Decorative-Rain-Barrel/14138536,0.83599833
$79.00 $104.34,,$79.00 - $104.34,Rain Barrel Rain Station,https://www.walmart.com/ip/Rain-Barrel-Rain-Station/30547431,0.205681223
$123.85 $137.99,,,"Savannah Rain Saver, Khaki",https://www.walmart.com/ip/Savannah-Rain-Saver-Khaki/22961263,0.522946205
,"Average rating:5out of5stars, based on1reviews1ratings Average rating:5out of5stars, based on1reviews1ratings",,Natures Footprint Worm Factory 360 4 Composting Bin   ...,https://www.walmart.com/ip/Natures-Footprint-Worm-Factory-360-4-Composting-Bin-Tray-w-Worms-Green/26377515,0.844799002
$5.41 $10.99,,,Home Metal Round Leftover Garbage Drainer Sink Strai  ...,https://www.walmart.com/ip/Home-Metal-Round-Leftover-Garbage-Drainer-Sink-Strainer-Silver-Tone-6-5cm-Dia/665258918,0.907133884
$53.68 ,,,Universal Rain Barrel Rectangular Downspout Connecti  ...,https://www.walmart.com/ip/Universal-Rain-Barrel-Rectangular-Downspout-Connection-Kit/26377187,0.93478587
$27.97 ,,,BKC UH-KS222 Universal Sit on Top Full Kayak Seat Pa  ...,https://www.walmart.com/ip/BKC-UH-KS222-Universal-Sit-on-Top-Full-Kayak-Seat-Padded-seat-and-Backrest/441467055,0.889641413
$135.78 $154.99,,,"Rain Wizard 65, Darkened Ribs, Khaki",https://www.walmart.com/ip/Rain-Wizard-65-Darkened-Ribs-Khaki/49334405,0.009407422
,,,Niu Nursery Niu .75cu Organic Compost,https://www.walmart.com/ip/Niu-Nursery-Niu-75cu-Organic-Compost/169042390,0.323550127
$79.97 ,,,Greenes Cedar Wood Composter Add On Kit,https://www.walmart.com/ip/Greenes-Cedar-Wood-Composter-Add-On-Kit/53952030,0.291326693
$94.99 ,"Average rating:3.2out of5stars, based on10reviews10ratings Average rating:3.2out of5stars, based on10reviews10ratings",,Rain Vault - Black,https://www.walmart.com/ip/Rain-Vault-Black/14663277,0.745753952
$125.81 ,,,Eco King 105 Gallon Recycled Plastic Compost Bin - B  ...,https://www.walmart.com/ip/Eco-King-105-Gallon-Recycled-Plastic-Compost-Bin-Black/17470370,0.825132593
$215.27 $388.06,,,Madison Rain Catcher Barrel in Black Finish,https://www.walmart.com/ip/Madison-Rain-Catcher-Barrel-in-Black-Finish/39345912,0.539138173
$497.89 ,"Average rating:3.5556out of5stars, based on9reviews9ratings Average rating:3.5556out of5stars, based on9reviews9ratings",,Sun-Mar Composter 400 Series,https://www.walmart.com/ip/Sun-Mar-Composter-400-Series/14895657,0.645616552
$19.00 ,"Average rating:4out of5stars, based on1reviews1ratings Average rating:4out of5stars, based on1reviews1ratings",,Kitchen Compost Pail - Crimson,https://www.walmart.com/ip/Kitchen-Compost-Pail-Crimson/47685858,0.454532318
$417.99 $599.99,,$417.99 - $599.99,Exaco GRAF Rain Barrel,https://www.walmart.com/ip/Exaco-GRAF-Rain-Barrel/39100540,0.039882018
$65.55 ,"Average rating:3.9184out of5stars, based on49reviews49ratings Average rating:3.9184out of5stars, based on49reviews49ratings",,"RTS Home Accents Flat Back Eco Rain Barrel, Black",https://www.walmart.com/ip/RTS-Home-Accents-Flat-Back-Eco-Rain-Barrel-Black/49036809,0.796698163
"$2,922.12 ",,,Sun-Mar Centrex 3000 Electric Low Flush Composting S  ...,https://www.walmart.com/ip/Sun-Mar-Centrex-3000-Electric-Low-Flush-Composting-System/23224832,0.633567456
$29.99 ,,,Exaco 2 in 1 Compost Bucket,https://www.walmart.com/ip/Exaco-2-in-1-Compost-Bucket/54408796,0.639109418
$2.82 ,"Average rating:4.55out of5stars, based on40reviews40ratings Average rating:4.55out of5stars, based on40reviews40ratings",,Miracle-Gro Nourish 0.75 Cu Ft,https://www.walmart.com/ip/Miracle-Gro-Nourish-0-75-Cu-Ft/46928873,0.32435476
$78.21 ,"Average rating:1out of5stars, based on2reviews2ratings Average rating:1out of5stars, based on2reviews2ratings",,"Rain Wizard Rock, Red Brick",https://www.walmart.com/ip/Rain-Wizard-Rock-Red-Brick/17431252,0.68262646
$26.99 ,,,Cedar Grove 1.3gal Stainless Steel Countertop Compos  ...,https://www.walmart.com/ip/Cedar-Grove-1-3gal-Stainless-Steel-Countertop-Compost-Bin-Includes-1-Charcoal-Filter-and-4-100-Compostable-Bags/150709149,0.371049113
$80.63 ,"Average rating:1out of5stars, based on1reviews1ratings Average rating:1out of5stars, based on1reviews1ratings",,"Rain Wizard Rock, Sandstone",https://www.walmart.com/ip/Rain-Wizard-Rock-Sandstone/17431251,0.54482101
$7.75 $14.95,"Average rating:3out of5stars, based on2reviews2ratings Average rating:3out of5stars, based on2reviews2ratings",,Norpro Kitchen Waste Garbage Disposal Stuffer Super   ...,https://www.walmart.com/ip/Norpro-Kitchen-Waste-Garbage-Disposal-Stuffer-Super-Compost-Stuffing-Tool/23624967,0.599477015
$68.95 ,,,Vermitek Bokashi Compost Kit,https://www.walmart.com/ip/Vermitek-Bokashi-Compost-Kit/47685857,0.401348202
$118.99 ,,,Good Ideas Impressions Nantucket Rain Saver,https://www.walmart.com/ip/Good-Ideas-Impressions-Nantucket-Rain-Saver/14663273,0.629779664
,"Average rating:5out of5stars, based on1reviews1ratings Average rating:5out of5stars, based on1reviews1ratings",,"Nurture Naturally Garden Compost, .75CF",https://www.walmart.com/ip/Nurture-Naturally-Garden-Compost-75CF/16911971,0.190017343
$104.49 $109.99,,,"Impressions 50-Gallon Bark Rain Saver, Khaki",https://www.walmart.com/ip/Impressions-50-Gallon-Bark-Rain-Saver-Khaki/40572153,0.615011944
$149.99 ,,,Build-a-Barrel 100-Gallon Tank with RainReserve Dive  ...,https://www.walmart.com/ip/Build-a-Barrel-100-Gallon-Tank-with-RainReserve-Diverter-Tan/40615598,0.29998204
$333.99 $378.99,,,"Garden Wizard RGB Hybrid, Light Granite",https://www.walmart.com/ip/Garden-Wizard-RGB-Hybrid-Light-Granite/20416970,0.575228354
$108.09 44.0Â¢,,,Eco-Products Plantware Renewable & Compostable Cutle  ...,https://www.walmart.com/ip/Eco-Products-Plantware-Renewable-Compostable-Cutlery-Kit-6-250-CT/25331575,0.191690207
$39.99 ,"Average rating:5out of5stars, based on1reviews1ratings Average rating:5out of5stars, based on1reviews1ratings",,"Compost Wizard Kitchen Accents, Stainless Steel Kitc  ...",https://www.walmart.com/ip/Compost-Wizard-Kitchen-Accents-Stainless-Steel-Kitchen-Composter/35283144,0.508839916
$85.49 ,,,"Impressions 50-Gallon Bark Rain Saver, Oak",https://www.walmart.com/ip/Impressions-50-Gallon-Bark-Rain-Saver-Oak/40572157,0.27734919
$143.99 ,,,"Impressions Downton 50-Gallon Rain Saver, Darkened R  ...",https://www.walmart.com/ip/Impressions-Downton-50-Gallon-Rain-Saver-Darkened-Ribs-Light-Granite/47192426,0.702627193
$4.71 $1.18,,,Ecoscraps Natural & Organic Compost Accelerator,https://www.walmart.com/ip/Ecoscraps-Natural-Organic-Compost-Accelerator/46862355,0.808318678
$61.99 $78.98,"Average rating:4out of5stars, based on8reviews8ratings Average rating:4out of5stars, based on8reviews8ratings",,"Miracle-Gro Single Chamber Tumbling Composter, 70L/1  ...",https://www.walmart.com/ip/Miracle-Gro-Single-Chamber-Tumbling-Composter-70L-18-5-Gal/49302067,0.028910301
$108.32 ,"Average rating:4out of5stars, based on6reviews6ratings Average rating:4out of5stars, based on6reviews6ratings",,Green Culture Compost Tumbler,https://www.walmart.com/ip/Green-Culture-Compost-Tumbler/48441138,0.220955279
$87.99 ,,,Greenes Fence 23 cu. ft. Stationary Composter Add-On  ...,https://www.walmart.com/ip/Greenes-Fence-23-cu-ft-Stationary-Composter-Add-On-Kit/54324609,0.501201912
$376.98 ,,,Terranova Oval Rain Barrel Grey,https://www.walmart.com/ip/Terranova-Oval-Rain-Barrel-Grey/49802758,0.547762351
$146.34 ,"Average rating:3.5out of5stars, based on4reviews4ratings Average rating:3.5out of5stars, based on4reviews4ratings",,Good Ideas Compost Wizard 90 Gallon Compost Bin,https://www.walmart.com/ip/Good-Ideas-Compost-Wizard-90-Gallon-Compost-Bin/14663274,0.703044018
$184.99 ,"Average rating:3out of5stars, based on2reviews2ratings Average rating:3out of5stars, based on2reviews2ratings",,"Impressions 90-Gallon Bark Rain Saver, Oak",https://www.walmart.com/ip/Impressions-90-Gallon-Bark-Rain-Saver-Oak/28972394,0.586571732
$10.95 ,,,FULL CIRCLE HOME LLC 25PK 2.5GAL Compost Bag,https://www.walmart.com/ip/FULL-CIRCLE-HOME-LLC-25PK-2-5GAL-Compost-Bag/38447183,0.026778283
$55.44 $82.97,"Average rating:4out of5stars, based on14reviews14ratings Average rating:4out of5stars, based on14reviews14ratings",,Achla 50 Gallon Rain Barrel,https://www.walmart.com/ip/Achla-50-Gallon-Rain-Barrel/19265625,0.243642496
$453.98 ,,,Terranova Oval Rain Barrel Anthracite Wicker,https://www.walmart.com/ip/Terranova-Oval-Rain-Barrel-Anthracite-Wicker/49802756,0.817465774
$9.00 $9.00,"Average rating:4.0286out of5stars, based on35reviews35ratings Average rating:4.0286out of5stars, based on35reviews35ratings",,"Nature's Care Really Good Compost, 1 cu ft",https://www.walmart.com/ip/Nature-s-Care-Really-Good-Compost-1-cu-ft/41523064,0.409183733
$89.60 ,"Average rating:4.3333out of5stars, based on6reviews6ratings Average rating:4.3333out of5stars, based on6reviews6ratings",,"Rain Wizard 40, Darkened Ribs, Oak",https://www.walmart.com/ip/Rain-Wizard-40-Darkened-Ribs-Oak/17431242,0.677947553
$215.72 ,"Average rating:4.0833out of5stars, based on12reviews12ratings Average rating:4.0833out of5stars, based on12reviews12ratings",,"Rain Wizard Urn, Khaki",https://www.walmart.com/ip/Rain-Wizard-Urn-Khaki/21633947,0.238097893
$8.97 $17.99,,,Landscape Plastic Seeds Widger Dibber Transplanting   ...,https://www.walmart.com/ip/Landscape-Plastic-Seeds-Widger-Dibber-Transplanting-Planting-Tools-Sets-Green/416435367,0.094241929
$13.45 ,"Average rating:4.3333out of5stars, based on6reviews6ratings Average rating:4.3333out of5stars, based on6reviews6ratings",,COMPOST PLUS 2 LB. BOX 12EA,https://www.walmart.com/ip/COMPOST-PLUS-2-LB-BOX-12EA/20422214,0.543644514
$105.72 ,,,"Impressions Downton 50-Gallon Rain Saver, Darkened R  ...",https://www.walmart.com/ip/Impressions-Downton-50-Gallon-Rain-Saver-Darkened-Ribs-Red-Brick/47192427,0.367075511
$36.45 ,,,"Coarse Perlite, 4 cubic foot bag",https://www.walmart.com/ip/Coarse-Perlite-4-cubic-foot-bag/840124645,0.205625451
$127.99 $139.99,,,"Rain Wizard 65, Khaki",https://www.walmart.com/ip/Rain-Wizard-65-Khaki/49334402,0.761856602
$17.17 $25.43,"Average rating:3out of5stars, based on1reviews1ratings Average rating:3out of5stars, based on1reviews1ratings",,Emsco 2277-1 Rain Barrel Linking Kit,https://www.walmart.com/ip/Emsco-2277-1-Rain-Barrel-Linking-Kit/26845634,0.570277341
$168.00 ,"Average rating:4.6667out of5stars, based on3reviews3ratings Average rating:4.6667out of5stars, based on3reviews3ratings",,"Koolscape 55 gal Rain Barrel, Brown",https://www.walmart.com/ip/Koolscape-55-gal-Rain-Barrel-Brown/21464173,0.120963925
$89.99 ,,,"Compost Wizard Essentials Kit, Bamboo",https://www.walmart.com/ip/Compost-Wizard-Essentials-Kit-Bamboo/54170504,0.12001335
$21.26 ,"Average rating:3.5out of5stars, based on4reviews4ratings Average rating:3.5out of5stars, based on4reviews4ratings",,The Worm FactoryÂ® Accessory Kit,https://www.walmart.com/ip/The-Worm-Factory-reg-Accessory-Kit/100624077,0.705766245
$95.05 $103.67,,,"Impressions 50-Gallon Palm Rain Saver, Khaki",https://www.walmart.com/ip/Impressions-50-Gallon-Palm-Rain-Saver-Khaki/28972382,0.38269621
$29.99 ,"Average rating:4.25out of5stars, based on8reviews8ratings Average rating:4.25out of5stars, based on8reviews8ratings",,Natural Home 1.3-Gal Stainless Steel Compost Bin,https://www.walmart.com/ip/Natural-Home-1-3-Gal-Stainless-Steel-Compost-Bin/19293883,0.229097266
$19.44 ,"Average rating:3.75out of5stars, based on4reviews4ratings Average rating:3.75out of5stars, based on4reviews4ratings",,Garland Odor-Free Biodegradable Caddy Liners,https://www.walmart.com/ip/Garland-Odor-Free-Biodegradable-Caddy-Liners/17623526,0.865644595
$86.99 ,,,Great American Painted 60 Gallon Rain Barrel,https://www.walmart.com/ip/Great-American-Painted-60-Gallon-Rain-Barrel/17432402,0.491750388
$152.99 ,,,"Rain Wizard 65, Darkened Ribs, Terra Cotta",https://www.walmart.com/ip/Rain-Wizard-65-Darkened-Ribs-Terra-Cotta/49334412,0.023989396
$94.81 $229.99,,,Eco 74 Gallon Recycled Plastic Compost Bin,https://www.walmart.com/ip/Eco-74-Gallon-Recycled-Plastic-Compost-Bin/17470369,0.165596064
$54.99 ,"Average rating:4.4375out of5stars, based on64reviews64ratings Average rating:4.4375out of5stars, based on64reviews64ratings",,Green Culture Compost Bin,https://www.walmart.com/ip/Green-Culture-Compost-Bin/20966191,0.159728202
$98.99 ,"Average rating:2.2out of5stars, based on5reviews5ratings Average rating:2.2out of5stars, based on5reviews5ratings",,"Rain Vault, Khaki",https://www.walmart.com/ip/Rain-Vault-Khaki/22961247,0.926890386
$16.39 ,"Average rating:5out of5stars, based on1reviews1ratings Average rating:5out of5stars, based on1reviews1ratings",,"Encap 11213-4 Earthworm Castings Compost, 12-Lb.",https://www.walmart.com/ip/Encap-11213-4-Earthworm-Castings-Compost-12-Lb/47647798,0.627835163
$115.69 ,"Average rating:3out of5stars, based on1reviews1ratings Average rating:3out of5stars, based on1reviews1ratings",,"Rain Vault, Darkened Ribs, Terra Cotta",https://www.walmart.com/ip/Rain-Vault-Darkened-Ribs-Terra-Cotta/35283182,0.317760607
$29.99 $54.99,,$29.99 - $54.99,OG Biowar Root Pack,https://www.walmart.com/ip/OG-Biowar-Root-Pack/494063485,0.51733112
$119.99 $129.18,"Average rating:4.125out of5stars, based on8reviews8ratings Average rating:4.125out of5stars, based on8reviews8ratings",$119.99 - $129.18,Algreen Madison 49 Gallon Rain Barrel,https://www.walmart.com/ip/Algreen-Madison-49-Gallon-Rain-Barrel/22845827,0.333093392
$769.99 ,,,Exaco GRAF 105 Gallon Rain Barrel,https://www.walmart.com/ip/Exaco-GRAF-105-Gallon-Rain-Barrel/39114547,0.646111414
$90.89 ,,,Exaco Eco King 400 Recycled Plastic 110-gal. Medium   ...,https://www.walmart.com/ip/Exaco-Eco-King-400-Recycled-Plastic-110-gal-Medium-Compost-Bin/44629856,0.996096777
$53.02 $77.98,"Average rating:4.25out of5stars, based on4reviews4ratings Average rating:4.25out of5stars, based on4reviews4ratings",,Redmon Green Culture 65 Gallon Compost Bin,https://www.walmart.com/ip/Redmon-Green-Culture-65-Gallon-Compost-Bin/17720290,0.639141304
$119.10 ,"Average rating:4out of5stars, based on2reviews2ratings Average rating:4out of5stars, based on2reviews2ratings",,"Rain Vault, Darkened Ribs, Oak",https://www.walmart.com/ip/Rain-Vault-Darkened-Ribs-Oak/35283179,0.508403685
$157.99 ,,,Build-a-Barrel 50-Gallon Tank with RainReserve Diver  ...,https://www.walmart.com/ip/Build-a-Barrel-50-Gallon-Tank-with-RainReserve-Diverter-Grey/40558964,0.62122468
$9.99 ,"Average rating:5out of5stars, based on1reviews1ratings Average rating:5out of5stars, based on1reviews1ratings",,COWPOTS 12POTS/PACK,https://www.walmart.com/ip/COWPOTS-12POTS-PACK/19241325,0.367276041
$10.20 $20.99,,,Unique Bargains Kitchen Bathroom Sink Drain Strainer  ...,https://www.walmart.com/ip/Unique-Bargains-Kitchen-Bathroom-Sink-Drain-Strainer-Screen-Stopper-Metal-Filter-Basket-2PCS/112438897,0.543092508
$16.29 ,"Average rating:3.75out of5stars, based on12reviews12ratings Average rating:3.75out of5stars, based on12reviews12ratings",,Norpro 1 gal White Compost Keeper Crock,https://www.walmart.com/ip/Norpro-1-gal-White-Compost-Keeper-Crock/16661852,0.586935408
$44.99 ,"Average rating:3out of5stars, based on2reviews2ratings Average rating:3out of5stars, based on2reviews2ratings",,"Compost Pail, Bamboo",https://www.walmart.com/ip/Compost-Pail-Bamboo/19498620,0.154097537
$114.32 $120.74,,$114.32 - $120.74,Rescue 50-Gallon Whiskey Rain Barrel with Black Band  ...,https://www.walmart.com/ip/Rescue-50-Gallon-Whiskey-Rain-Barrel-with-Black-Bands-Includes-Planter-Rain-Water-Diverter-Outlet-Hose-Flatback-Design-Gray/41841471,0.758989455
"$1,079.99 $2,099.99",,"$1,079.99 - $2,099.99",RTS Companies Rain Barrel,https://www.walmart.com/ip/RTS-Companies-Rain-Barrel/39099743,0.802292598
$77.51 $95.99,,,Emsco Group 2500-1 42 Gallon Wicker-Look Cube Rain B  ...,https://www.walmart.com/ip/Emsco-Group-2500-1-42-Gallon-Wicker-Look-Cube-Rain-Barrel-Brown/54052945,0.384613464
$206.99 $222.99,,,Good Ideas 80 Gal Tumbler Composter,https://www.walmart.com/ip/Good-Ideas-80-Gal-Tumbler-Composter/43651055,0.336378267
$99.99 ,,,"Rain Wizard 50 Diverter Kit, Terra Cotta",https://www.walmart.com/ip/Rain-Wizard-50-Diverter-Kit-Terra-Cotta/22853173,0.32652602
$28.99 ,,,Sorbus Kitchen/Countertop Composter,https://www.walmart.com/ip/Sorbus-Kitchen-Countertop-Composter/50807949,0.014297583
$89.99 ,"Average rating:3.6667out of5stars, based on3reviews3ratings Average rating:3.6667out of5stars, based on3reviews3ratings",,"Impressions 50-Gallon Palm Rain Saver, Light Granite",https://www.walmart.com/ip/Impressions-50-Gallon-Palm-Rain-Saver-Light-Granite/35283173,0.222378043
$111.99 $176.29,"Average rating:4out of5stars, based on3reviews3ratings Average rating:4out of5stars, based on3reviews3ratings",$111.99 - $176.29,Algreen Athena Rain Barrel,https://www.walmart.com/ip/Algreen-Athena-Rain-Barrel/46270038,0.366852281
$98.99 ,,,UpCycle Products 50 Gallon Rain Barrel,https://www.walmart.com/ip/UpCycle-Products-50-Gallon-Rain-Barrel/817866300,0.78947333
$24.95 ,,,Steel Compost Sieve,https://www.walmart.com/ip/Steel-Compost-Sieve/25485661,0.810286732
$107.99 ,,,"Impressions Downton 50-Gallon Rain Saver, Light Gran  ...",https://www.walmart.com/ip/Impressions-Downton-50-Gallon-Rain-Saver-Light-Granite/47192414,0.627806193
$78.56 ,"Average rating:1out of5stars, based on1reviews1ratings Average rating:1out of5stars, based on1reviews1ratings",,"Rain Wizard Rock, Dark Granite",https://www.walmart.com/ip/Rain-Wizard-Rock-Dark-Granite/17431250,0.487197302
$109.99 ,,,"Impressions 50-Gallon Bark Rain Saver, Dark Granite",https://www.walmart.com/ip/Impressions-50-Gallon-Bark-Rain-Saver-Dark-Granite/40572150,0.49235395
$121.99 $169.99,,,Durable Rain Saver (Light Granite),https://www.walmart.com/ip/Durable-Rain-Saver-Light-Granite/45944878,0.989582403
$131.40 $142.49,"Average rating:3.9706out of5stars, based on34reviews34ratings Average rating:3.9706out of5stars, based on34reviews34ratings",,Lifetime Compost Tumbler,https://www.walmart.com/ip/Lifetime-Compost-Tumbler/47707219,0.146424264
$30.37 ,,,"Cedar Grove 1g Wht Kitchen Compost Bin,  Includes 1   ...",https://www.walmart.com/ip/Cedar-Grove-1g-Wht-Kitchen-Compost-Bin-Includes-1-Charcoal-Filter-and-4-100-Compostable-Bags/195346950,0.259934519
$112.99 $129.99,,,"Impressions Downton 50-Gallon Rain Saver, Darkened R  ...",https://www.walmart.com/ip/Impressions-Downton-50-Gallon-Rain-Saver-Darkened-Ribs-Slate/47192431,0.782617003
$15.00 ,,,toner Mesh Metal Computer Riser (2-Pack),https://www.walmart.com/ip/toner-Mesh-Metal-Computer-Riser-2-Pack/980066043,0.06777742
$95.99 $102.99,,,"Impressions Reflections 50-Gallon Rain Saver, Marsal  ...",https://www.walmart.com/ip/Impressions-Reflections-50-Gallon-Rain-Saver-Marsala/47192432,0.544461407
$143.99 ,,,"Impressions 50-Gallon Palm Rain Saver, Sandstone",https://www.walmart.com/ip/Impressions-50-Gallon-Palm-Rain-Saver-Sandstone/28972393,0.937624922
$94.04 ,,,"Impressions 50-Gallon Bark Rain Saver, Gray",https://www.walmart.com/ip/Impressions-50-Gallon-Bark-Rain-Saver-Gray/40572152,0.778173105
$178.99 $199.99,,,Tierra Garden 50 Gal. Tumbler Composter,https://www.walmart.com/ip/Tierra-Garden-50-Gal-Tumbler-Composter/54726895,0.402061096
$118.99 ,"Average rating:4.75out of5stars, based on4reviews4ratings Average rating:4.75out of5stars, based on4reviews4ratings",,23 Cubic Feet Greenes Fence Cedar Wood Composter Bin,https://www.walmart.com/ip/23-Cubic-Feet-Greenes-Fence-Cedar-Wood-Composter-Bin/53951995,0.18121737
$299.00 ,,,Aeroplus 6000,https://www.walmart.com/ip/Aeroplus-6000/33215359,0.599903753
$120.48 ,"Average rating:3.6667out of5stars, based on12reviews12ratings Average rating:3.6667out of5stars, based on12reviews12ratings",,"Rain Wizard Urn 50, Sandstone",https://www.walmart.com/ip/Rain-Wizard-Urn-50-Sandstone/49334414,0.219637799
$22.28 ,,,Achla Designs Compost Aerator,https://www.walmart.com/ip/Achla-Designs-Compost-Aerator/19265609,0.050198008
$44.94 ,"Average rating:5out of5stars, based on1reviews1ratings Average rating:5out of5stars, based on1reviews1ratings",,Stainless Steel Compost Crock,https://www.walmart.com/ip/Stainless-Steel-Compost-Crock/17634575,0.503195035
$98.99 $105.99,"Average rating:4.1294out of5stars, based on85reviews85ratings Average rating:4.1294out of5stars, based on85reviews85ratings",,Woodgrain w/brass spigot,https://www.walmart.com/ip/Woodgrain-w-brass-spigot/21867601,0.158886384
$149.97 ,,,Build-a-Barrel 50-Gallon Tank with RainReserve Diver  ...,https://www.walmart.com/ip/Build-a-Barrel-50-Gallon-Tank-with-RainReserve-Diverter-Tan/40558963,0.256028714
"$1,784.80 $2,760.00",,,Centrex 2000 NE Non-Electric Composting Toilet Syste  ...,https://www.walmart.com/ip/Centrex-2000-NE-Non-Electric-Composting-Toilet-System/30273292,0.27635787
$34.99 $50.98,"Average rating:4.6897out of5stars, based on29reviews29ratings Average rating:4.6897out of5stars, based on29reviews29ratings",,Geobin Compost Bin,https://www.walmart.com/ip/Geobin-Compost-Bin/183259752,0.025837971
$99.99 ,,,"Rain Wizard 50, Darkened Ribs, Khaki",https://www.walmart.com/ip/Rain-Wizard-50-Darkened-Ribs-Khaki/17431241,0.395700557
$414.74 $592.49,,,Exaco 80 Gallon Wicker Rain Barrel,https://www.walmart.com/ip/Exaco-80-Gallon-Wicker-Rain-Barrel/26377181,0.235747715
$231.04 ,"Average rating:3out of5stars, based on2reviews2ratings Average rating:3out of5stars, based on2reviews2ratings",,"Impressions 90-Gallon Bark Rain Saver, Green",https://www.walmart.com/ip/Impressions-90-Gallon-Bark-Rain-Saver-Green/35283153,0.160859753
$159.55 ,,,Upcycle 55 Gallon Terra Cotta Rain Barrel,https://www.walmart.com/ip/Upcycle-55-Gallon-Terra-Cotta-Rain-Barrel/17463050,0.000170412
$86.47 $110.29,"Average rating:4.3309out of5stars, based on272reviews272ratings Average rating:4.3309out of5stars, based on272reviews272ratings",$86.47 - $110.29,"Rain Wizard 50, Oak",https://www.walmart.com/ip/Rain-Wizard-50-Oak/17431214,0.472278978
$28.26 $38.29,,,Steve Chen 9313031 Stainless Steel Compost Pails - M  ...,https://www.walmart.com/ip/Steve-Chen-9313031-Stainless-Steel-Compost-Pails-Medium-1-Gallon/178751354,0.636451243
$36.60 $53.34,"Average rating:3out of5stars, based on1reviews1ratings Average rating:3out of5stars, based on1reviews1ratings",,Achla Designs Kitchen Compost Pail,https://www.walmart.com/ip/Achla-Designs-Kitchen-Compost-Pail/19265624,0.456829075
$99.98 ,"Average rating:4.6538out of5stars, based on26reviews26ratings Average rating:4.6538out of5stars, based on26reviews26ratings",,Hot Frog 37-Gallon Recycled Plastic Compost Tumbler,https://www.walmart.com/ip/Hot-Frog-37-Gallon-Recycled-Plastic-Compost-Tumbler/51464024,0.040594177
$240.99 ,,,"Compost Wizard Hybrid, Green",https://www.walmart.com/ip/Compost-Wizard-Hybrid-Green/19255972,0.096966745
$4.80 ,,,"Natural Home Compost Bin Replacement Filters, 2pk",https://www.walmart.com/ip/Natural-Home-Compost-Bin-Replacement-Filters-2pk/27032198,0.820216654
$145.99 $167.99,"Average rating:3out of5stars, based on5reviews5ratings Average rating:3out of5stars, based on5reviews5ratings",,Exaco 123 Gallon Earthmaker Compost Bin,https://www.walmart.com/ip/Exaco-123-Gallon-Earthmaker-Compost-Bin/19418828,0.07931945
$22.80 $33.14,,,Algreen Link Kit,https://www.walmart.com/ip/Algreen-Link-Kit/17355227,0.667931562
$16.99 $24.99,,,Exaco Replacement Carbon Compost Filter,https://www.walmart.com/ip/Exaco-Replacement-Carbon-Compost-Filter/14664347,0.703193499
$17.51 $35.99,,,Kitchen Metal Round Garbage Drainer Sink Strainer Si  ...,https://www.walmart.com/ip/Kitchen-Metal-Round-Garbage-Drainer-Sink-Strainer-Silver-Tone-11-2cm-Dia-5-Pcs/169451594,0.067706416
$37.73 ,,,Norpro Stainless Steel Compost Keeper,https://www.walmart.com/ip/Norpro-Stainless-Steel-Compost-Keeper/35068206,0.466930788
$6.25 ,,,Triumph Plant - Convenient 230g Individual Brick,https://www.walmart.com/ip/Triumph-Plant-Convenient-230g-Individual-Brick/321687203,0.887350878
$150.99 $158.99,,,RainBarrel USA 80 Gallon Rain Barrel,https://www.walmart.com/ip/RainBarrel-USA-80-Gallon-Rain-Barrel/105528721,0.736855724
$321.99 $349.99,,,Gronomics 9 cu. ft. Stationary Composter,https://www.walmart.com/ip/Gronomics-9-cu-ft-Stationary-Composter/43396572,0.203936711
$266.23 $299.12,"Average rating:4.0612out of5stars, based on98reviews98ratings Average rating:4.0612out of5stars, based on98reviews98ratings",,"Lifetime Dual Compost Tumbler, 60072",https://www.walmart.com/ip/Lifetime-Dual-Compost-Tumbler-60072/47849281,0.048838094
$103.99 ,,,UpCycle Products 55 Gallon Rain Barrel,https://www.walmart.com/ip/UpCycle-Products-55-Gallon-Rain-Barrel/308048863,0.491947922
,,,Worm Factory Additional Composting Bin Trays Terraco  ...,https://www.walmart.com/ip/Worm-Factory-Additional-Composting-Bin-Trays-Terracotta-Pack-of-2/27725736,0.297007045
$167.38 ,"Average rating:3.5out of5stars, based on2reviews2ratings Average rating:3.5out of5stars, based on2reviews2ratings",,"Earthmaker 3-Stage 110-Gallon Compost Bin, Black",https://www.walmart.com/ip/Earthmaker-3-Stage-110-Gallon-Compost-Bin-Black/20743011,0.699152767
,,,Mahaska 40lb Midwest Compost,https://www.walmart.com/ip/Mahaska-40lb-Midwest-Compost/16782745,0.780465298
$114.99 ,,,"Impressions 50-Gallon Nantucket Rain Saver, Terra Co  ...",https://www.walmart.com/ip/Impressions-50-Gallon-Nantucket-Rain-Saver-Terra-Cotta/40572170,0.387207071
$304.99 $310.99,"Average rating:4.5833out of5stars, based on12reviews12ratings Average rating:4.5833out of5stars, based on12reviews12ratings",,Jora 33 Gallon 125 Compost Tumbler,https://www.walmart.com/ip/Jora-33-Gallon-125-Compost-Tumbler/17457765,0.119433719
$27.51 $30.26,"Average rating:3out of5stars, based on1reviews1ratings Average rating:3out of5stars, based on1reviews1ratings",,Compost Wizard Compost Booster,https://www.walmart.com/ip/Compost-Wizard-Compost-Booster/21587521,0.59258619
$115.99 $171.99,"Average rating:4.3571out of5stars, based on322reviews322ratings Average rating:4.3571out of5stars, based on322reviews322ratings",,"Rain Wizard Urn, Terra Cotta",https://www.walmart.com/ip/Rain-Wizard-Urn-Terra-Cotta/17431248,0.478646352
$106.16 ,,,"Boulder Clean CompoKeeper Kitchen Compost Bin-Red, 6  ...",https://www.walmart.com/ip/Boulder-Clean-CompoKeeper-Kitchen-Compost-Bin-Red-6-gal/380998483,0.886723428
$16.35 $32.99,,,Kitchen Bathroom Stainless Steel Water Sink Drainer   ...,https://www.walmart.com/ip/Kitchen-Bathroom-Stainless-Steel-Water-Sink-Drainer-Filter-Strainer-10-Sets/892133216,0.467193885
$65.51 $99.99,"Average rating:4out of5stars, based on11reviews11ratings Average rating:4out of5stars, based on11reviews11ratings",,"Miracle-Gro Single Chamber Tumbling Composter, 105L/  ...",https://www.walmart.com/ip/Miracle-Gro-Single-Chamber-Tumbling-Composter-105L-27-7-Gal/49302068,0.687141413
$90.38 ,,,NatureHouse Disposable Cutlery,https://www.walmart.com/ip/NatureHouse-Disposable-Cutlery/44327914,0.260593207
$109.99 ,"Average rating:4out of5stars, based on2reviews2ratings Average rating:4out of5stars, based on2reviews2ratings",,"Compost Wizard Eco Tumbler, Black",https://www.walmart.com/ip/Compost-Wizard-Eco-Tumbler-Black/49334415,0.762912037
$38.59 ,,,"100 PC, Bamblu Home Compostable Designer Tableware,   ...",https://www.walmart.com/ip/100-PC-Bamblu-Home-Compostable-Designer-Tableware-7-inch-Round-Palm-Leaf-Bowl-LCB-07-CS/124765605,0.603313173
$6.96 ,"Average rating:5out of5stars, based on1reviews1ratings Average rating:5out of5stars, based on1reviews1ratings",,The Dirty Gardener Blood Meal 13-0-0 - 1 Pound,https://www.walmart.com/ip/The-Dirty-Gardener-Blood-Meal-13-0-0-1-Pound/115313154,0.436205312
$35.99 ,,,Exaco Replacement Filters for Eco Kitchen Compost Pa  ...,https://www.walmart.com/ip/Exaco-Replacement-Filters-for-Eco-Kitchen-Compost-Pail/141056481,0.975880829
$77.99 ,,,"REOTEMP A36PF 0-200 F Bimetal Thermom, 3 In Dial, 0   ...",https://www.walmart.com/ip/REOTEMP-A36PF-0-200-F-Bimetal-Thermom-3-In-Dial-0-to-200F/40923771,0.638930199
