price,rating,price_range,product_title,JobURL
$11.89,,,"100 2"" INCH NET CUP POTS HYDROPONIC SYSTEM GROW KIT",https://www.walmart.com/ip/nbsp-100-2-INCH-NET-CUP-POTS-HYDROPONIC-SYSTEM-GROW-KIT/845830695
$18.21,"Average rating:5out of5stars, based on1reviews1ratings Average rating:5out of5stars, based on1reviews1ratings",,Grow!tâ„¢ Clay Pebbles 10L Bag,https://www.walmart.com/ip/Grow-t-Clay-Pebbles-10L-Bag/45856718
$14.99 $49.99,"Average rating:5out of5stars, based on3reviews3ratings Average rating:5out of5stars, based on3reviews3ratings",,"OxyLED LED Plant Grow Light Bulb, Hydroponic Plant G  ...",https://www.walmart.com/ip/OxyLED-LED-Plant-Grow-Light-Bulb-Hydroponic-Plant-Grow-Lights-Greenhouse-Hydroponic-Indoor-Plants-Indoor-Plant-Growing-Lights-Bulb-E26-12W-3Blue-9-Re/143450106
$125.99 $199.99,"Average rating:2out of5stars, based on2reviews2ratings Average rating:2out of5stars, based on2reviews2ratings",,Costway Indoor Grow Tent Room Reflective Hydroponic   ...,https://www.walmart.com/ip/Costway-Indoor-Grow-Tent-Room-Reflective-Hydroponic-Non-Toxic-Clone-Hut-6-Size-96-X48-X78/166077649
$6.59,"Average rating:5out of5stars, based on1reviews1ratings Average rating:5out of5stars, based on1reviews1ratings",,Yescom 2x 150lbs Heavy Duty Yoyo Ratchet Hanger for   ...,https://www.walmart.com/ip/Yescom-2x-150lbs-Heavy-Duty-Yoyo-Ratchet-Hanger-for-HPS-MH-T5-Grow-Light-Reflector-Kit-Hydroponics/196771541
$29.95,"Average rating:2.3333out of5stars, based on3reviews3ratings Average rating:2.3333out of5stars, based on3reviews3ratings",,Miracle-Gro Aerogarden Seed Starting System Bounty,https://www.walmart.com/ip/Miracle-Gro-Aerogarden-Seed-Starting-System-Bounty/54591964
$52.99 $79.99,"Average rating:3.9091out of5stars, based on11reviews11ratings Average rating:3.9091out of5stars, based on11reviews11ratings",,"Yaheetech  48""x 24""x 60"" Grow Tents Reflective Hydro  ...",https://www.walmart.com/ip/Yaheetech-48-x-24-x-60-Grow-Tents-Reflective-Hydroponics-Plant-Growing-Room-High/195151502
$14.45 $16.50,,,"HYDROFARM INC-FOXFARM FX14053 Foxfarm, 12 qt, Ocean   ...",https://www.walmart.com/ip/HYDROFARM-INC-FOXFARM-FX14053-Foxfarm-12-qt-Ocean-Forest-Potting-Soil/54998528
$69.99 $70.99,"Average rating:3.9187out of5stars, based on123reviews123ratings Average rating:3.9187out of5stars, based on123reviews123ratings",$69.99 - $70.99,"Miracle-Gro AeroGarden Sprout LED, Black with Gourme  ...",https://www.walmart.com/ip/Miracle-Gro-AeroGarden-Sprout-LED-Black-with-Gourmet-Herbs/318602851
$15.15,"Average rating:4.6667out of5stars, based on6reviews6ratings Average rating:4.6667out of5stars, based on6reviews6ratings",,"AeroGarden Grow Sponges, 50 Pack",https://www.walmart.com/ip/AeroGarden-Grow-Sponges-50-Pack/36855650
$18.70,"Average rating:4.6667out of5stars, based on6reviews6ratings Average rating:4.6667out of5stars, based on6reviews6ratings",,AeroGarden Refill Kit,https://www.walmart.com/ip/AeroGarden-Refill-Kit/36855652
$20.55,"Average rating:3out of5stars, based on1reviews1ratings Average rating:3out of5stars, based on1reviews1ratings",,Hydrofarm INC-FOXFARM FX14000 1.5 CUFT Ocean Forest   ...,https://www.walmart.com/ip/Hydrofarm-INC-FOXFARM-FX14000-1-5-CUFT-Ocean-Forest-Potting-Soil/54998318
$58.99 $99.99,"Average rating:3.6667out of5stars, based on3reviews3ratings Average rating:3.6667out of5stars, based on3reviews3ratings",,Costway Indoor Grow Tent Room Reflective Hydroponic   ...,https://www.walmart.com/ip/Costway-Indoor-Grow-Tent-Room-Reflective-Hydroponic-Non-Toxic-Clone-Hut-6-Size-48-X24-X72/179999494
$87.99,"Average rating:4out of5stars, based on1reviews1ratings Average rating:4out of5stars, based on1reviews1ratings",,Zimtown 1200W LED Grow Light Lamp  Full Spectrum for  ...,https://www.walmart.com/ip/Zimtown-1200W-LED-Grow-Light-Lamp-Full-Spectrum-for-Veg-Greenhouse-and-Flower-Indoor-Plant-Grow-Light-Lamp-Double-Chip-10w-Leds/665931215
$27.28,"Average rating:5out of5stars, based on1reviews1ratings Average rating:5out of5stars, based on1reviews1ratings",,AGROSUN DAYSPOT GROW LIGHT KIT,https://www.walmart.com/ip/AGROSUN-DAYSPOT-GROW-LIGHT-KIT/46651837
$19.95,,,9-Pod Grow Anything,https://www.walmart.com/ip/9-Pod-Grow-Anything/412408032
$17.99,"Average rating:4.5652out of5stars, based on23reviews23ratings Average rating:4.5652out of5stars, based on23reviews23ratings",,NEW Hydroponic 19006 17W Seed Start Seedling Propaga  ...,https://www.walmart.com/ip/NEW-Hydroponic-19006-17W-Seed-Start-Seedling-Propagation-Heat-Mat-8-87-x-19-5/43169832
$8.49,"Average rating:4out of5stars, based on1reviews1ratings Average rating:4out of5stars, based on1reviews1ratings",,"50 2"" INCH NET CUP POTS HYDROPONIC SYSTEM GROW KIT",https://www.walmart.com/ip/50-2-INCH-NET-CUP-POTS-HYDROPONIC-SYSTEM-GROW-KIT/846491929
$17.33,,,Hydrofarm Fx14002 Quart Big Bloom,https://www.walmart.com/ip/Hydrofarm-Fx14002-Quart-Big-Bloom/54998296
$10.60,,,"HYDROFARM JSBD 3.3 lb, Organic Coco Gro Bag",https://www.walmart.com/ip/HYDROFARM-JSBD-3-3-lb-Organic-Coco-Gro-Bag/54998360
$33.99 $64.99,"Average rating:5out of5stars, based on2reviews2ratings Average rating:5out of5stars, based on2reviews2ratings",,NEW! HYDROFARM GMPER50L Super Coarse Perlite Soil Ae  ...,https://www.walmart.com/ip/NEW-HYDROFARM-GMPER50L-Super-Coarse-Perlite-Soil-Aeration-Volcanic-Rock-50L/17435124
$33.99,"Average rating:4out of5stars, based on1reviews1ratings Average rating:4out of5stars, based on1reviews1ratings",,Hydrofarm GROW!T Horticultural 100% Natural Clay Peb  ...,https://www.walmart.com/ip/Hydrofarm-GROW-T-Horticultural-100-Natural-Clay-Pebbles-25-Liter-Bag-GMC25L/149711563
$39.99 $89.99,"Average rating:4.7out of5stars, based on10reviews10ratings Average rating:4.7out of5stars, based on10reviews10ratings",,Costway Indoor Grow Tent Room Reflective Hydroponic   ...,https://www.walmart.com/ip/Costway-Indoor-Grow-Tent-Room-Reflective-Hydroponic-Non-Toxic-Clone-Hut-6-Size-24-X24-X48/124484051
$31.87,"Average rating:4.125out of5stars, based on8reviews8ratings Average rating:4.125out of5stars, based on8reviews8ratings",,"Hydrofarm Germination StW/Heat Mat 72cell 2"" Dom",https://www.walmart.com/ip/Hydrofarm-Germination-StW-Heat-Mat-72cell-2-Dom/17164786
$9.79,"Average rating:5out of5stars, based on1reviews1ratings Average rating:5out of5stars, based on1reviews1ratings",,"HYDROFARM FX14091 Foxfarm, 1 pt, Big Bloom, Liquid P  ...",https://www.walmart.com/ip/HYDROFARM-FX14091-Foxfarm-1-pt-Big-Bloom-Liquid-Plant-Food-Concentrate/54998510
$63.95,,,General Hydroponics Waterfarm Complete Hydroponic Sy  ...,https://www.walmart.com/ip/General-Hydroponics-Waterfarm-Complete-Hydroponic-System-Grow-Kit-GH4120/277141034
$72.99 $99.99,,,Active Aqua Root Spa 5 Ga. Hydroponic Bucket System   ...,https://www.walmart.com/ip/Active-Aqua-Root-Spa-5-Ga-Hydroponic-Bucket-System-Grow-Kit-2-Pack-RS5GALSYS/420318863
$70.57,,,Emsco Group 2370 Hydro Pickers Hydroponic Raised Bed  ...,https://www.walmart.com/ip/Emsco-Group-2370-Hydro-Pickers-Hydroponic-Raised-Bed-Gardening-System/40449226
$50.24,,,"Hydrofarm FX14049 Foxfarm, 3-Pack, 3 qt, Liquid Fert  ...",https://www.walmart.com/ip/Hydrofarm-FX14049-Foxfarm-3-Pack-3-qt-Liquid-Fertilizer/54998382
$17.28 $19.95,"Average rating:1out of5stars, based on1reviews1ratings Average rating:1out of5stars, based on1reviews1ratings",,Miracle-Gro Aerogarden Seed Starting System for Spro  ...,https://www.walmart.com/ip/Miracle-Gro-Aerogarden-Seed-Starting-System-for-Sprout-Models/54591963
$45.99 $99.99,"Average rating:4.6667out of5stars, based on9reviews9ratings Average rating:4.6667out of5stars, based on9reviews9ratings",,Costway Indoor Grow Tent Room Reflective Hydroponic   ...,https://www.walmart.com/ip/Costway-Indoor-Grow-Tent-Room-Reflective-Hydroponic-Non-Toxic-Clone-Hut-6-Size-32-X32-X63/139632009
$89.11,"Average rating:1out of5stars, based on2reviews2ratings Average rating:1out of5stars, based on2reviews2ratings",,1000W LED Full Spectrum Grow Light Chip for Medical   ...,https://www.walmart.com/ip/1000W-LED-Full-Spectrum-Grow-Light-Chip-for-Medical-Plants-Veg-Bloom-Indoor/101990480
$19.95 $67.99,,$19.95 - $67.99,"Yescom 4"" 120 CFM /6"" 260 CFM Inline Duct Booster Fa  ...",https://www.walmart.com/ip/Yescom-4-120-CFM-6-260-CFM-Inline-Duct-Booster-Fan-Aluminum-Blade-Hydroponics-Grow-Tent-Cooling-Ventilation-Exhaust-Air-Blower/125595248
$59.99,"Average rating:4.471out of5stars, based on17reviews17ratings Average rating:4.471out of5stars, based on17reviews17ratings",,Hydrofarm 24.5-Inch Jump Start 2-Foot T5 Grow Light   ...,https://www.walmart.com/ip/Hydrofarm-24-5-Inch-Jump-Start-2-Foot-T5-Grow-Light-System-With-24W-Tube-JSV2/17164785
$79.99,"Average rating:4.875out of5stars, based on8reviews8ratings Average rating:4.875out of5stars, based on8reviews8ratings",,Led Grow Light Kits Mars Hydro 300W Full Spectrum In  ...,https://www.walmart.com/ip/Led-Grow-Light-Kits-Mars-Hydro-300W-Full-Spectrum-Indoor-Growing-Lamp-Fixture-Hydroponic-Bulb-Fruit-Trees-Seeds-Indoor-Greenhouse-Plant-Veg-Flowering/524003721
$110.66 $117.64,"Average rating:4.3826out of5stars, based on115reviews115ratings Average rating:4.3826out of5stars, based on115reviews115ratings",$110.66 - $117.64,"AeroGarden Harvest, Red with Gourmet Herbs",https://www.walmart.com/ip/AeroGarden-Harvest-Red-with-Gourmet-Herbs/376993133
$150.99,"Average rating:4.2out of5stars, based on5reviews5ratings Average rating:4.2out of5stars, based on5reviews5ratings",,LED Grow Light Mars Hydro 600W Full Spectrum Veg Flo  ...,https://www.walmart.com/ip/LED-Grow-Light-Mars-Hydro-600W-Full-Spectrum-Veg-Flower-Indoor-Growing-Lamp-Kits-Indoor-Plant-Hydroponic-Panel-Fixture-Bonsai-Vegetables-Medical-Plan/194681172
$52.99 $99.99,"Average rating:4.6out of5stars, based on5reviews5ratings Average rating:4.6out of5stars, based on5reviews5ratings",,Costway Indoor Grow Tent Room Reflective Hydroponic   ...,https://www.walmart.com/ip/Costway-Indoor-Grow-Tent-Room-Reflective-Hydroponic-Non-Toxic-Clone-Hut-6-Size-48-X24-X60/102418221
$22.99,"Average rating:5out of5stars, based on1reviews1ratings Average rating:5out of5stars, based on1reviews1ratings",,Growstone Gnat Nix 9 Liter Chemical-Free Fungus Gnat  ...,https://www.walmart.com/ip/Growstone-Gnat-Nix-9-Liter-Chemical-Free-Fungus-Gnat-Control-Bag-GPGC33CF/49556837
$129.00,,,Intbuying Hydroponic Site Grow Kit 72 Site Garden Sy  ...,https://www.walmart.com/ip/Intbuying-Hydroponic-Site-Grow-Kit-72-Site-Garden-System-With-Water-Pump-and-Sponge-141053/630448778
$17.99,"Average rating:2.6out of5stars, based on5reviews5ratings Average rating:2.6out of5stars, based on5reviews5ratings",,"LED Concepts Grow Light, Miracle Plant Light Clip De  ...",https://www.walmart.com/ip/LED-Concepts-Grow-Light-Miracle-Plant-Light-Clip-Desk-Lamp-for-Hydroponics-Greenhouse-Organic-5W-22-8221-360-Degree-Flexible-Neck-Light/54025193
$29.96,,,2017 New 150W LED Grow Light Round Lamp Red Blue IR   ...,https://www.walmart.com/ip/2017-New-150W-LED-Grow-Light-Round-Lamp-Red-Blue-IR-UV-High-Power-Full-Spectrum-For-Garden-Flowering-Hydro-Plant/682620024
$240.49 $399.00,"Average rating:4.5667out of5stars, based on30reviews30ratings Average rating:4.5667out of5stars, based on30reviews30ratings",,Miracle-Gro AeroGarden Bounty Elite with Gourmet Her  ...,https://www.walmart.com/ip/Miracle-Gro-AeroGarden-Bounty-Elite-with-Gourmet-Herbs/971335483
$9.22 $13.56,"Average rating:5out of5stars, based on1reviews1ratings Average rating:5out of5stars, based on1reviews1ratings",,Plant Growth Lights Led Plant Grow Light E27 Hydropo  ...,https://www.walmart.com/ip/Plant-Growth-Lights-Led-Plant-Grow-Light-E27-Hydroponics-For-Indoor-Greenhouse-Flower-Grow-Box/814572703
$4.49,,,Hydrofarm RT6502 Mykos Mycorrhizal,https://www.walmart.com/ip/Hydrofarm-RT6502-Mykos-Mycorrhizal/54998376
$14.31,"Average rating:3.5out of5stars, based on8reviews8ratings Average rating:3.5out of5stars, based on8reviews8ratings",,Miracle-Gro AeroGarden Gourmet Herb 7-Pod Seed Kit,https://www.walmart.com/ip/Miracle-Gro-AeroGarden-Gourmet-Herb-7-Pod-Seed-Kit/36855616
$10.78,"Average rating:5out of5stars, based on2reviews2ratings Average rating:5out of5stars, based on2reviews2ratings",,Miracle-Gro AeroGarden Heirloom Salad Greens 3-Pod S  ...,https://www.walmart.com/ip/Miracle-Gro-AeroGarden-Heirloom-Salad-Greens-3-Pod-Seed-Pod-Kit/39672136
$36.99,"Average rating:4.5out of5stars, based on2reviews2ratings Average rating:4.5out of5stars, based on2reviews2ratings",,Pack Hydrofarm 2-Bulb Fluorescent Energy-Saving 2' G  ...,https://www.walmart.com/ip/Pack-Hydrofarm-2-Bulb-Fluorescent-Energy-Saving-2-Grow-Light-Fixture-FLV22/17435030
$15.99,"Average rating:2.5out of5stars, based on2reviews2ratings Average rating:2.5out of5stars, based on2reviews2ratings",,Xen-Lux 20 Watt LED Grow Lights Hydroponics Hex Band  ...,https://www.walmart.com/ip/Xen-Lux-20-Watt-LED-Grow-Lights-Hydroponics-Hex-Band-6-Band-Light-Panel-Red-White-Blue-flowering-UV-IR-42-High-Output-Bulbs-Indoor-Grow-Rooms-Tents-G/183196504
$23.88,,,Hyper Tough 12' x 24' Medium Duty Tarp All Weather P  ...,https://www.walmart.com/ip/Hyper-Tough-12-x-24-Medium-Duty-Tarp-All-Weather-Protection-All-Purpose-Cover/53966735
$6.88,"Average rating:5out of5stars, based on1reviews1ratings Average rating:5out of5stars, based on1reviews1ratings",,Hyper Tough 8' x 10' Medium Duty Tarp All Weather Pr  ...,https://www.walmart.com/ip/Hyper-Tough-8-x-10-Medium-Duty-Tarp-All-Weather-Protection-All-Purpose-Cover/53966729
$14.88,"Average rating:4out of5stars, based on2reviews2ratings Average rating:4out of5stars, based on2reviews2ratings",,Hyper Tough 10' x 16' Medium Duty Tarp All Weather P  ...,https://www.walmart.com/ip/Hyper-Tough-10-x-16-Medium-Duty-Tarp-All-Weather-Protection-All-Purpose-Cover/103144635
$116.99 $149.99,"Average rating:3.9655out of5stars, based on29reviews29ratings Average rating:3.9655out of5stars, based on29reviews29ratings",,Miracle-Gro AeroGarden Classic 6 with Gourmet Herbs,https://www.walmart.com/ip/Miracle-Gro-AeroGarden-Classic-6-with-Gourmet-Herbs/163625991
$40.92 $47.06,"Average rating:5out of5stars, based on3reviews3ratings Average rating:5out of5stars, based on3reviews3ratings",,"Superthrive Orig Vitamin Solution, 1 Quart",https://www.walmart.com/ip/Superthrive-Orig-Vitamin-Solution-1-Quart/19685139
$177.99,"Average rating:4out of5stars, based on1reviews1ratings Average rating:4out of5stars, based on1reviews1ratings",,LED Grow Light Mars Hydro Reflector 96 Full Spectrum  ...,https://www.walmart.com/ip/LED-Grow-Light-Mars-Hydro-Reflector-96-Full-Spectrum-Veg-Flower-Lamp-Panel-Indoor-Hydroponic-Plant-Garden-Greenhouse-Fruits-Vegetables-Medical-Herb-1/650137689
$4.88,"Average rating:4out of5stars, based on3reviews3ratings Average rating:4out of5stars, based on3reviews3ratings",,Hyper Tough 6' x 8' Medium Duty Tarp All Weather Pro  ...,https://www.walmart.com/ip/Hyper-Tough-6-x-8-Medium-Duty-Tarp-All-Weather-Protection-All-Purpose-Cover/53966730
$15.72,"Average rating:5out of5stars, based on2reviews2ratings Average rating:5out of5stars, based on2reviews2ratings",,6-Pod Grow Anything,https://www.walmart.com/ip/6-Pod-Grow-Anything/100739298
$9.25,,,HYDROFARM INC-FOXFARM FX14054 12qt Happy Frog Soil,https://www.walmart.com/ip/HYDROFARM-INC-FOXFARM-FX14054-12qt-Happy-Frog-Soil/54998254
$29.00 $33.47,"Average rating:5out of5stars, based on1reviews1ratings Average rating:5out of5stars, based on1reviews1ratings",,"Superthrive Orig Vitamin Solution, 1 pint",https://www.walmart.com/ip/Superthrive-Orig-Vitamin-Solution-1-pint/19346381
$12.54,"Average rating:3.3333out of5stars, based on6reviews6ratings Average rating:3.3333out of5stars, based on6reviews6ratings",,Miracle-Gro AeroGarden Mighty Mini Tomato Seed Pod K  ...,https://www.walmart.com/ip/Miracle-Gro-AeroGarden-Mighty-Mini-Tomato-Seed-Pod-Kit-3-Pod/38315463
$129.99 $249.99,"Average rating:3out of5stars, based on2reviews2ratings Average rating:3out of5stars, based on2reviews2ratings",,Virtual Sun VST4008B 4-Ft 8 Lamp Bloom Flower T5 Hig  ...,https://www.walmart.com/ip/Virtual-Sun-VST4008B-4-Ft-8-Lamp-Bloom-Flower-T5-High-Output-Fluorescent-Grow-Light-Kit-includes-8-t5-HO-Bulbs/41864161
$76.99 $388.99,"Average rating:5out of5stars, based on2reviews2ratings Average rating:5out of5stars, based on2reviews2ratings",$76.99 - $388.99,27''x27''x63'' Indoor Grow Tent Room Kits Reflective  ...,https://www.walmart.com/ip/27-x27-x63-Indoor-Grow-Tent-Room-Kits-Reflective-Diamond-Mylar-Indoor-Plants-Hydroponic-Clone-Hut-Box-Growing-Garden-Greenhouse-Horticulture-Lightpro/761773165
$149.99,"Average rating:3.6667out of5stars, based on3reviews3ratings Average rating:3.6667out of5stars, based on3reviews3ratings",,"Agri-Fab, Inc. Mow-N-Vac/Chip-N-Vac Hose Kit Lawn Va  ...",https://www.walmart.com/ip/Agri-Fab-Inc-Mow-N-Vac-Chip-N-Vac-Hose-Kit-Lawn-Vacuum-Accessory-Model-45-02532/55213204
$126.37,"Average rating:5out of5stars, based on1reviews1ratings Average rating:5out of5stars, based on1reviews1ratings",,"Ktaxon 95"" X48"" X79"" 600D Hydroponic Plant Grow Tent  ...",https://www.walmart.com/ip/Ktaxon-95-X48-X79-600D-Hydroponic-Plant-Grow-Tent-for-Indoor-Plant-Growing-with-Removable-Floor-Tray/160188414
$42.95,"Average rating:5out of5stars, based on2reviews2ratings Average rating:5out of5stars, based on2reviews2ratings",,"LAGarden 24""x24""x36"" Mini 100% Reflective Mylar Hydr  ...",https://www.walmart.com/ip/LAGarden-24-x24-x36-Mini-100-Reflective-Mylar-Hydroponics-Indoor-Grow-Tent-Non-Toxic-Planting-Dark-Room/172635478
$69.99 $159.99,"Average rating:2.6667out of5stars, based on3reviews3ratings Average rating:2.6667out of5stars, based on3reviews3ratings",,Costway Indoor Grow Tent Room Reflective Hydroponic   ...,https://www.walmart.com/ip/Costway-Indoor-Grow-Tent-Room-Reflective-Hydroponic-Non-Toxic-Clone-Hut-6-Size-48-X48-X78/110111775
$73.99,"Average rating:4.2632out of5stars, based on19reviews19ratings Average rating:4.2632out of5stars, based on19reviews19ratings",,Hydrofarm 48-Inch Jump Start 4-Foot T5 Grow Light Sy  ...,https://www.walmart.com/ip/Hydrofarm-48-Inch-Jump-Start-4-Foot-T5-Grow-Light-System-With-54W-Tube-JSV4/17435096
$96.99,"Average rating:5out of5stars, based on2reviews2ratings Average rating:5out of5stars, based on2reviews2ratings",,iPower GLFANXINL4FILT4MD8C 4Inch High CFM Inline Exh  ...,https://www.walmart.com/ip/iPower-GLFANXINL4FILT4MD8C-4Inch-High-CFM-Inline-Exhausting-Fan-Carbon-Air-Filter-w-1050-IAV-Australia-Virgin-Charcoal-Pre-Filter-Included-Reversible/902270229
$59.99 $89.99,,,"Zimtown 48"" x 24"" x 72"" Hydroponic Water-Resistant G  ...",https://www.walmart.com/ip/Zimtown-48-x-24-x-72-Hydroponic-Water-Resistant-Grow-Tent-with-Removable-Floor-Tray-for-Indoor-Seedling-Plant-Growing/146385652
$54.86,,,"Ktaxon 32""x32""x64"" Reflective 600D Mylar Hydroponic   ...",https://www.walmart.com/ip/Ktaxon-32-x32-x64-Reflective-600D-Mylar-Hydroponic-Grow-Tent-for-Indoor-Plant-Growing-with-Removable-Floor-Tray/882374103
$51.99,"Average rating:5out of5stars, based on5reviews5ratings Average rating:5out of5stars, based on5reviews5ratings",,"Grow Tent Reflective Mylar 32"" X 32"" X 63"" Hydroponi  ...",https://www.walmart.com/ip/Grow-Tent-Reflective-Mylar-32-X-32-X-63-Hydroponics-Plant-Growing-Room-New/170296547
$63.00 $99.99,,,"Ktaxon 36""x 36""x72"" Reflective 600D Mylar Hydroponic  ...",https://www.walmart.com/ip/Ktaxon-36-x-36-x72-Reflective-600D-Mylar-Hydroponic-Grow-Tent-for-Indoor-Plant-Growing-with-Removable-Floor-Tray/330453734
$104.99,,,LED Grow Light Mars Hydro Reflector 48 Full Spectrum  ...,https://www.walmart.com/ip/LED-Grow-Light-Mars-Hydro-Reflector-48-Full-Spectrum-IR-Growth-Bloom-Switches-Veg-Flowering-Cloning-Indoor-Hydroponic-Garden-Greenhouse-Organic-Soil-/461879748
$19.94 $46.66,,$19.94 - $46.66,"Spray-N-Grow CSNG Micronutrients Complex, 1 gallon",https://www.walmart.com/ip/Spray-N-Grow-CSNG-Micronutrients-Complex-1-gallon/19685086
$54.08,"Average rating:5out of5stars, based on2reviews2ratings Average rating:5out of5stars, based on2reviews2ratings",,"Zimtown 32""x 32""x 64"" Grow Tent For Indoor Plant Gro  ...",https://www.walmart.com/ip/Zimtown-32-x-32-x-64-Grow-Tent-For-Indoor-Plant-Growing-Dismountable-Reflective-Hydroponic-Non-grow-Room/651777860
$35.99 $36.99,"Average rating:4.3333out of5stars, based on3reviews3ratings Average rating:4.3333out of5stars, based on3reviews3ratings",$35.99 - $36.99,King Canopy Super Heavy Duty Tarp - Silver/Black,https://www.walmart.com/ip/King-Canopy-Super-Heavy-Duty-Tarp-Silver-Black/53234043
$14.15 $15.94,,,AEROGROW INTERNATIONAL INC 806604-0208 6Pod Heirloom  ...,https://www.walmart.com/ip/AEROGROW-INTERNATIONAL-INC-806604-0208-6Pod-Heirloom-Salad-Kit/139074002
$33.24,,,Aurora Lighted Water Wiggler,https://www.walmart.com/ip/Aurora-Lighted-Water-Wiggler/17365966
$19.99 $39.99,"Average rating:5out of5stars, based on2reviews2ratings Average rating:5out of5stars, based on2reviews2ratings",,Roots Organics Hydroponic Gardening Coco Fiber-Based  ...,https://www.walmart.com/ip/Roots-Organics-Hydroponic-Gardening-Coco-Fiber-Based-Potting-Soil-0-75-cu-ft/49557037
$64.95 $128.95,"Average rating:3out of5stars, based on1reviews1ratings Average rating:3out of5stars, based on1reviews1ratings",,"LAGarden 48""x24""x60"" 100% Reflective Diamond Mylar H  ...",https://www.walmart.com/ip/LAGarden-48-x24-x60-100-Reflective-Diamond-Mylar-Hydroponics-Indoor-Grow-Tent-Non-Toxic-Planting-Room-4x2x5FT/169648467
$41.15 $59.99,,,"Ktaxon 24""x 24""x48"" New Grow Tent 100% Reflective My  ...",https://www.walmart.com/ip/Ktaxon-24-x-24-x48-New-Grow-Tent-100-Reflective-Mylar-Hydroponics-Indoor-Gardening-with-Window/606430604
$17.95 $25.98,"Average rating:2out of5stars, based on1reviews1ratings Average rating:2out of5stars, based on1reviews1ratings",,Miracle-Gro AeroGarden Heirloom Cherry Tomato 7-Pod   ...,https://www.walmart.com/ip/Miracle-Gro-AeroGarden-Heirloom-Cherry-Tomato-7-Pod-Seed-Kit/36855621
$12.94 $15.95,,,6-Pod Gourmet Herbs,https://www.walmart.com/ip/6-Pod-Gourmet-Herbs/184500424
$32.95 $64.95,,,"Yescom 27""x18"" Adjustable Wing Reflector Hood for Hy  ...",https://www.walmart.com/ip/Yescom-27-x18-Adjustable-Wing-Reflector-Hood-for-Hydroponic-1000w-600w-400w-250w-HPS-MH-Grow-Tent-Light-Kit/148619092
$12.54,"Average rating:3out of5stars, based on4reviews4ratings Average rating:3out of5stars, based on4reviews4ratings",,Miracle-Gro AeroGarden Gourmet Herb Seed Pod Kit (3-  ...,https://www.walmart.com/ip/Miracle-Gro-AeroGarden-Gourmet-Herb-Seed-Pod-Kit-3-Pod/36855624
$35.99 $186.99,,$35.99 - $186.99,iPower 6 Inch Air Carbon Filter Odor Control Scrubbe  ...,https://www.walmart.com/ip/iPower-6-Inch-Air-Carbon-Filter-Odor-Control-Scrubber-for-Duct-Inline-Fan-16-Length-Reversible-Flange-Prefilter-Included/600254216
$12.95,,,Miracle-Gro AeroGarden Cascading Petunias 3-Pod Seed  ...,https://www.walmart.com/ip/Miracle-Gro-AeroGarden-Cascading-Petunias-3-Pod-Seed-Pod-Kit/39672135
$16.99,,,HYDROFARM FX14055 4 lb Japanese Maple Fertilizer,https://www.walmart.com/ip/HYDROFARM-FX14055-4-lb-Japanese-Maple-Fertilizer/54998273
$6.59 $14.95,"Average rating:5out of5stars, based on1reviews1ratings Average rating:5out of5stars, based on1reviews1ratings",,"Yescom 79"" 600D Oxford Cloth Tarp Zip Up Door Replac  ...",https://www.walmart.com/ip/Yescom-79-600D-Oxford-Cloth-Tarp-Zip-Up-Door-Replacement-Zipper-w-Adhesive-Tape-For-Garden-Mylar-Grow-Tent-Room/196393113
$44.26,,,HM Digital PH-80 HydroTester Water pH Temperature Te  ...,https://www.walmart.com/ip/HM-Digital-PH-80-HydroTester-Water-pH-Temperature-Tester-Meter-Pen-HMDPHM80/47855464
$43.95 $88.95,,,"6"" Cool Tube XL Wing Reflector Hood Fit 1000w 600w 4  ...",https://www.walmart.com/ip/6-Cool-Tube-XL-Wing-Reflector-Hood-Fit-1000w-600w-400w-250w-HPS-MH-Grow-Light/193160728
$14.97 $19.95,"Average rating:5out of5stars, based on1reviews1ratings Average rating:5out of5stars, based on1reviews1ratings",,6-Pod Heirloom CherryTomato,https://www.walmart.com/ip/6-Pod-Heirloom-CherryTomato/107676959
$34.23,,,"Hydrofarm AAPW550 Active Aqua, 550 GPH, Submersible   ...",https://www.walmart.com/ip/Hydrofarm-AAPW550-Active-Aqua-550-GPH-Submersible-Water-Pump/54998367
$37.95 $80.95,"Average rating:5out of5stars, based on1reviews1ratings Average rating:5out of5stars, based on1reviews1ratings",,"6"" Air Cooled Cool Tube Wing Reflector Hood For 400w  ...",https://www.walmart.com/ip/6-Air-Cooled-Cool-Tube-Wing-Reflector-Hood-For-400w-250w-HPS-MH-Grow-Light-Tent/109897015
$22.95 $51.95,,,Yescom 8 Layer Compartments Collapsible Hanging Dry   ...,https://www.walmart.com/ip/Yescom-8-Layer-Compartments-Collapsible-Hanging-Dry-Net-Herb-Herbal-Drying-Rack-for-Buds-Flowers-Hydroponic-Plant/189962045
$51.46,,,Hydroponic Deep Water Culture Vegetative System (4-S  ...,https://www.walmart.com/ip/Hydroponic-Deep-Water-Culture-Vegetative-System-4-Site/751358904
$19.89,"Average rating:1out of5stars, based on1reviews1ratings Average rating:1out of5stars, based on1reviews1ratings",,9-Pod Gourmet Herbs,https://www.walmart.com/ip/9-Pod-Gourmet-Herbs/523124318
$18.43,"Average rating:5out of5stars, based on1reviews1ratings Average rating:5out of5stars, based on1reviews1ratings",,Miracle-Gro AeroGarden Pesto Basil 7-Pod Seed Kit,https://www.walmart.com/ip/Miracle-Gro-AeroGarden-Pesto-Basil-7-Pod-Seed-Kit/36855627
$10.95,"Average rating:5out of5stars, based on2reviews2ratings Average rating:5out of5stars, based on2reviews2ratings",,"AeroGarden Airstones, 5 Pack",https://www.walmart.com/ip/AeroGarden-Airstones-5-Pack/36855649
$14.99 $23.99,,,Virtual Sun 400W MH Metal Halide Grow Lamp Light Bul  ...,https://www.walmart.com/ip/Virtual-Sun-400W-MH-Metal-Halide-Grow-Lamp-Light-Bulb-400-Watt/45996134
$42.43 $110.32,,,40*40*120CM Indoor Plant Grow Tent Reflective Mylar   ...,https://www.walmart.com/ip/40-40-120CM-Indoor-Plant-Grow-Tent-Reflective-Mylar-Hydroponic-Grow-Room-Black-New/804643738
$2.66,,,"HYDROFARM PROP-004 10"" x 20"" Cut Kit Plastic Tray",https://www.walmart.com/ip/HYDROFARM-PROP-004-10-x-20-Cut-Kit-Plastic-Tray/54998310
$21.99,,,"HYDROFARM HDRTRTBAG50 50 Pack, Root Riot Bag",https://www.walmart.com/ip/HYDROFARM-HDRTRTBAG50-50-Pack-Root-Riot-Bag/54998359
$21.14 $26.60,,,"Tappin Roots Dynamic Soil Amender, .5 Gal",https://www.walmart.com/ip/Tappin-Roots-Dynamic-Soil-Amender-5-Gal/54890641
$9.83,,,Hydrofarm FLC27D 27W Plant Replacement Fluorescent B  ...,https://www.walmart.com/ip/Hydrofarm-FLC27D-27W-Plant-Replacement-Fluorescent-Bulb/54998387
$15.99,"Average rating:1out of5stars, based on1reviews1ratings Average rating:1out of5stars, based on1reviews1ratings",,Xen-Lux 20 Watt LED Grow Lights Hydroponics Tri Band  ...,https://www.walmart.com/ip/Xen-Lux-20-Watt-LED-Grow-Lights-Hydroponics-Tri-Band-Light-Panel-Red-White-Blue-flowering-42-High-Output-Bulbs-Indoor-Grow-Rooms-Tents-Greenhouses/199705949
$6.99,,,"Tappin Roots Solid Bloom, 8 oz",https://www.walmart.com/ip/Tappin-Roots-Solid-Bloom-8-oz/54890639
$16.31,,,HYDROFARM FX14016 4 lb Marine Cuisine Time Release F  ...,https://www.walmart.com/ip/HYDROFARM-FX14016-4-lb-Marine-Cuisine-Time-Release-Fertilizer/54998307
$21.99 $34.99,"Average rating:5out of5stars, based on1reviews1ratings Average rating:5out of5stars, based on1reviews1ratings",,Hydrofarm Jump Start 24-Cell Grow Plug Mini Indoor G  ...,https://www.walmart.com/ip/Hydrofarm-Jump-Start-24-Cell-Grow-Plug-Mini-Indoor-Germination-Station-JS24GP/50247306
$142.98,,,Oslamp 2Pack 300W Indoor Plant LED Grow Light 9 Band  ...,https://www.walmart.com/ip/Oslamp-2Pack-300W-Indoor-Plant-LED-Grow-Light-9-Bands-Panel-Kits-Full-Spectrum-Grow-Lightning-Hydroponic-Garden-Greenhouse-Indoor-Plants-Flower-Fruit/134852016
$30.99 $59.99,"Average rating:5out of5stars, based on1reviews1ratings Average rating:5out of5stars, based on1reviews1ratings",,AURORA INNOVATIONS INC ROD 1.5CUFT Original Soil,https://www.walmart.com/ip/AURORA-INNOVATIONS-INC-ROD-1-5CUFT-Original-Soil/49557030
$87.95,"Average rating:2.5out of5stars, based on2reviews2ratings Average rating:2.5out of5stars, based on2reviews2ratings",,LAGarden 4x4x6.5Ft 100% Reflective Diamond Mylar Hyd  ...,https://www.walmart.com/ip/LAGarden-4x4x6-5Ft-100-Reflective-Diamond-Mylar-Hydroponics-Indoor-Grow-Tent-Non-Toxic-Planting-Room-48x48x78/168731949
$12.59,,,Phat Pre-Filter 39x6,https://www.walmart.com/ip/Phat-Pre-Filter-39x6/578454827
$18.96,"Average rating:3.5out of5stars, based on2reviews2ratings Average rating:3.5out of5stars, based on2reviews2ratings",,CobraCo Plant Sitter Watering System,https://www.walmart.com/ip/CobraCo-Plant-Sitter-Watering-System/27898983
$43.00,,,Donaldson B085011 Air Filter,https://www.walmart.com/ip/Donaldson-B085011-Air-Filter/626029167
$24.98,,,Novozymes Actinovate Organic Fungicide for Lawn and   ...,https://www.walmart.com/ip/Novozymes-Actinovate-Organic-Fungicide-for-Lawn-and-Garden-18oz-100505381/38451526
$32.99,"Average rating:5out of5stars, based on1reviews1ratings Average rating:5out of5stars, based on1reviews1ratings",,NEW Hydroponic 19008 45W Seed Start Seedling Propaga  ...,https://www.walmart.com/ip/NEW-Hydroponic-19008-45W-Seed-Start-Seedling-Propagation-Heat-Mat-20-x-20-75/44897397
$42.43 $110.32,,,New 40*40*120CM Indoor Plant Grow Tent Reflective My  ...,https://www.walmart.com/ip/New-40-40-120CM-Indoor-Plant-Grow-Tent-Reflective-Mylar-Hydroponic-Grow-Room-Black/649625957
$49.99,,,NEW Hydroponic 19009 107W Seed Start Seedling Propog  ...,https://www.walmart.com/ip/NEW-Hydroponic-19009-107W-Seed-Start-Seedling-Propogation-Heat-Mat-48-x-20-75/44897394
$88.99,,,LAGarden 2-in-1 100% Reflective Mylar Hydroponics In  ...,https://www.walmart.com/ip/LAGarden-2-in-1-100-Reflective-Mylar-Hydroponics-Indoor-Grow-Tent-Planting-Hut-Propagation-and-Flower-Sections/100426674
$52.00,,,"Donaldson P821575 Air Filter, Primary (Pack of 3)",https://www.walmart.com/ip/Donaldson-P821575-Air-Filter-Primary-Pack-of-3/536893370
$47.26 $62.59,"Average rating:5out of5stars, based on1reviews1ratings Average rating:5out of5stars, based on1reviews1ratings",$47.26 - $62.59,Zimtown 2x2x4ft/3'x3'x6'ft 600D Small Indoor Mylar H  ...,https://www.walmart.com/ip/Zimtown-2x2x4ft-3-x3-x6-ft-600D-Small-Indoor-Mylar-Hydroponics-Grow-Tent-for-Indoor-Plant-Growing/597316321
$74.99 $120.99,,,NEW HYDROFARM ACDF4 Active Air 4 Inch Hydroponic In-  ...,https://www.walmart.com/ip/NEW-HYDROFARM-ACDF4-Active-Air-4-Inch-Hydroponic-In-Line-Fan-165-CFM-w-Brackets/52134752
$35.00,,,DONALDSON P821575 & P822858 AIR FILTER SET,https://www.walmart.com/ip/DONALDSON-P821575-amp-P822858-AIR-FILTER-SET/235383018
$15.99,,,FoxFarm Open Sesame Early Flowering Formula Fertiliz  ...,https://www.walmart.com/ip/FoxFarm-Open-Sesame-Early-Flowering-Formula-Fertilizer-Nutrients-6-oz-FX14104/138856165
$21.95,,,Tarp Zip Up Blue Twin Pack,https://www.walmart.com/ip/Tarp-Zip-Up-Blue-Twin-Pack/149523088
$58.08 $89.99,,,"32""x32""x63"" Mylar Hydroponic Grow Tent with Obeserva  ...",https://www.walmart.com/ip/32-x32-x63-Mylar-Hydroponic-Grow-Tent-with-Obeservation-Window-and-Floor-Tray-for-Indoor-Plant-Growing/439759508
$29.82,"Average rating:1out of5stars, based on1reviews1ratings Average rating:1out of5stars, based on1reviews1ratings",,"HYDROFARM AzaMax Pest Control, 4-oz.",https://www.walmart.com/ip/HYDROFARM-AzaMax-Pest-Control-4-oz/20594834
$51.99,,,"Ktaxon Pack of 2 Grow Plant Panel Light,45Watts 225   ...",https://www.walmart.com/ip/Ktaxon-Pack-of-2-Grow-Plant-Panel-Light-45Watts-225-LEDs-Full-Spectrum-for-Hydroponic-Green-House-Plant-Quad-Band-Hanging-Light/279634684
$136.49,,,"Phat Filter 39""x6"", 800 CFM",https://www.walmart.com/ip/Phat-Filter-39-quot-x6-quot-800-CFM/101073257
$52.00 $116.00,,$52.00 - $116.00,Crucial Carbon Inline Fan and Odor Control Air Filte  ...,https://www.walmart.com/ip/Crucial-Carbon-Inline-Fan-and-Odor-Control-Air-Filter/142303483
$135.15 $209.99,,,"96""x48""x80""Mylar Hydroponic Grow Tent with Obeservat  ...",https://www.walmart.com/ip/96-x48-x80-Mylar-Hydroponic-Grow-Tent-with-Obeservation-Window-and-Floor-Tray-for-Indoor-Plant-Growing-8x4-Feet/606859616
$40.15 $59.99,"Average rating:5out of5stars, based on1reviews1ratings Average rating:5out of5stars, based on1reviews1ratings",,Zimtown New Grow Tent 100% Reflective Mylar Hydropon  ...,https://www.walmart.com/ip/Zimtown-New-Grow-Tent-100-Reflective-Mylar-Hydroponics-Indoor-Gardening-24-x-24-x48/778261009
$62.99,,,Best Choice Products 48''X24''X60'' Indoor Hydroponi  ...,https://www.walmart.com/ip/Best-Choice-Products-48-X24-X60-Indoor-Hydroponic-Grow-Tent-w-Observation-Window/534919450
$9.95 $20.95,,,Yescom 10Pcs Retractable Plant Yoyo Hanger with Stop  ...,https://www.walmart.com/ip/Yescom-10Pcs-Retractable-Plant-Yoyo-Hanger-with-Stopper-Stem-Branch-Support-for-Grow-Tent-Room-Hydroponics/429027145
$43.37 $69.99,,,"24""x24""x36""Mylar Hydroponic Grow Tent with Obeservat  ...",https://www.walmart.com/ip/24-x24-x36-Mylar-Hydroponic-Grow-Tent-with-Obeservation-Window-and-Floor-Tray-for-Indoor-Plant-Growing-2-x2/697236312
$113.49,"Average rating:5out of5stars, based on1reviews1ratings Average rating:5out of5stars, based on1reviews1ratings",,"AEROGROW INTERNATIONAL INC 6 Indoor Garden, Soil Fre  ...",https://www.walmart.com/ip/AEROGROW-INTERNATIONAL-INC-6-Indoor-Garden-Soil-Free/46652087
$45.99,"Average rating:5out of5stars, based on2reviews2ratings Average rating:5out of5stars, based on2reviews2ratings",,Growgreen HT0006GN Hydroponic Tube with growing bask  ...,https://www.walmart.com/ip/Growgreen-HT0006GN-Hydroponic-Tube-with-growing-baskets-6-Places-Deep-Water-Culture/995199175
$39.99 $108.99,,,Virtual Sun VSCR6000 6'' Cool Tube Enclosed Grow Lig  ...,https://www.walmart.com/ip/Virtual-Sun-VSCR6000-6-Cool-Tube-Enclosed-Grow-Light-Hood-Reflector/41863997
$109.40 $169.99,,,"60""x60""x80""Mylar Hydroponic Grow Tent with Obeservat  ...",https://www.walmart.com/ip/60-x60-x80-Mylar-Hydroponic-Grow-Tent-with-Obeservation-Window-and-Floor-Tray-for-Indoor-Plant-Growing-5-x-5/456534924
$149.99 $308.99,"Average rating:4out of5stars, based on2reviews2ratings Average rating:4out of5stars, based on2reviews2ratings",,Virtual Sun VS1000WRMS 1000 Watt HPS+MH Magnetic 100  ...,https://www.walmart.com/ip/Virtual-Sun-VS1000WRMS-1000-Watt-HPS-MH-Magnetic-1000W-Grow-Light/41864480
$41.00,,,"Sun Blaster 0900302 2' 24W 6,400 K SunBlaster NanoTe  ...",https://www.walmart.com/ip/Sun-Blaster-0900302-2-24W-6-400-K-SunBlaster-NanoTech-T5-HO-Fixture-Kit/49661235
$22.95,,,"Cutting Edge Cultures Vegetable Starter Culture, 6 P  ...",https://www.walmart.com/ip/Cutting-Edge-Cultures-Vegetable-Starter-Culture-6-Pouches-12g/156875046
$99.00,"Average rating:5out of5stars, based on6reviews6ratings Average rating:5out of5stars, based on6reviews6ratings",,Miracle-Gro AeroGarden Sprout Plus with Gourmet Herb  ...,https://www.walmart.com/ip/Miracle-Gro-AeroGarden-Sprout-Plus-with-Gourmet-Herbs-Seed-Pod-Kit-Bonus-Mighty-Mini-Tomato-Seed-Pod-Kit-and-Gardening-Shears/46722240
$176.99,"Average rating:5out of5stars, based on1reviews1ratings Average rating:5out of5stars, based on1reviews1ratings",,Mars II 400W LED Grow Light Bulb Mars Hydro Full Spe  ...,https://www.walmart.com/ip/Mars-II-400W-LED-Grow-Light-Bulb-Mars-Hydro-Full-Spectrum-Veg-Flower-IR-Plant-Hydroponic-Indoor-Growing-Lamp-Fixture-Kits-Garden-Planting-System-Red-/257560554
$89.00,,,Intbuying Hydroponic Site Grow Kit Wall Mounted 54 H  ...,https://www.walmart.com/ip/Intbuying-Hydroponic-Site-Grow-Kit-Wall-Mounted-54-Holes-Garden-Plant-System-141124/268633310
$64.99,"Average rating:4.5out of5stars, based on2reviews2ratings Average rating:4.5out of5stars, based on2reviews2ratings",,Ktaxon Indoor Grow Tent Room Reflective Mylar Hydrop  ...,https://www.walmart.com/ip/Ktaxon-Indoor-Grow-Tent-Room-Reflective-Mylar-Hydroponic-Non-Toxic-Hut-48-x24-x60/153602468
$7.37 $15.99,,,"Tappin Roots Essential Grow, 8 oz",https://www.walmart.com/ip/Tappin-Roots-Essential-Grow-8-oz/54890638
$59.99,,,"Ktaxon 48""x 24""x 72"" 100% Reflective Mylar Hydroponi  ...",https://www.walmart.com/ip/Ktaxon-48-x-24-x-72-100-Reflective-Mylar-Hydroponics-Indoor-Grow-Tent-Non-Toxic-Room-for-Indoor-Plant-Growing/104930456
$24.99 $46.99,,,Virtual Sun 1000W MH Metal Halide Grow Lamp Light Bu  ...,https://www.walmart.com/ip/Virtual-Sun-1000W-MH-Metal-Halide-Grow-Lamp-Light-Bulb-1000-Watt/45995997
$7.45 $14.44,,,"Hydrofarm CN10005 2PK 1/8"" Rope Ratchets",https://www.walmart.com/ip/Hydrofarm-CN10005-2PK-1-8-Rope-Ratchets/54998286
$63.25 $79.99,"Average rating:4.1111out of5stars, based on9reviews9ratings Average rating:4.1111out of5stars, based on9reviews9ratings",,Hydrofarm GCTR 10 Gal Tomato Trellis Self Watering G  ...,https://www.walmart.com/ip/Hydrofarm-GCTR-10-Gal-Tomato-Trellis-Self-Watering-Garden-Grow-System-on-Wheels/20595041
$53.08 $79.99,"Average rating:4.5out of5stars, based on2reviews2ratings Average rating:4.5out of5stars, based on2reviews2ratings",,"Zimtown 32""x32""x64"" Hydroponic Water-Resistant Grow   ...",https://www.walmart.com/ip/Zimtown-32-x32-x64-Hydroponic-Water-Resistant-Grow-Tent-with-Removable-Floor-Tray-for-Indoor-Seedling-Plant-Growing/160458228
$181.02,,,Recirculating Deep Water Culture (DWC) 4-Bucket Hydr  ...,https://www.walmart.com/ip/Recirculating-Deep-Water-Culture-DWC-4-Bucket-Hydroponic-System-Kit/974555798
$66.99 $143.99,"Average rating:5out of5stars, based on1reviews1ratings Average rating:5out of5stars, based on1reviews1ratings",,NEW! C.A.P EBB-EXP6 EBB & GRO Grow Flow 6 Pot Site H  ...,https://www.walmart.com/ip/NEW-C-A-P-EBB-EXP6-EBB-GRO-Grow-Flow-6-Pot-Site-Hydroponic-Expansion-Kit-CAP/39403876
$47.99 $94.99,,,Hydrofarm C.A.P. TMP-1 Heating & Cooling Hydroponic   ...,https://www.walmart.com/ip/Hydrofarm-C-A-P-TMP-1-Heating-Cooling-Hydroponic-Garden-Thermostat-Controller/41487858
$79.99 $119.99,,,"Ktaxon 48""x 48""x 80"" New Hydroponics Grow Tent Room   ...",https://www.walmart.com/ip/Ktaxon-48-x-48-x-80-New-Hydroponics-Grow-Tent-Room-Indoor-Reflective-Mylar-Non-Toxic-Hut/965134213
$19.95,,,9-Pod Heirloom Salad Greens,https://www.walmart.com/ip/9-Pod-Heirloom-Salad-Greens/773297208
$89.99,"Average rating:4out of5stars, based on1reviews1ratings Average rating:4out of5stars, based on1reviews1ratings",,Marswell Led Grow Lights Kit 1200w Double Chips Full  ...,https://www.walmart.com/ip/Marswell-Led-Grow-Lights-Kit-1200w-Double-Chips-Full-Specturm-5-Bands-Veg-Flower-Growing-Lamp-Kits-Indoor-Plant-Hydroponic-Panel-Fixture-Bonsai-Veget/385448407
$4.99,,,Yellow Super Sweet Onion Set - 10 Bulbs - Top Size,https://www.walmart.com/ip/Yellow-Super-Sweet-Onion-Set-10-Bulbs-Top-Size/138682943
$19.35,"Average rating:3.6667out of5stars, based on3reviews3ratings Average rating:3.6667out of5stars, based on3reviews3ratings",,Miracle-Gro AeroGarden Chili Peppers 7-Pod Seed Kit,https://www.walmart.com/ip/Miracle-Gro-AeroGarden-Chili-Peppers-7-Pod-Seed-Kit/36855625
$24.85 $34.99,"Average rating:5out of5stars, based on1reviews1ratings Average rating:5out of5stars, based on1reviews1ratings",,Hydrofarm Jump Start Soil 12 Foot Heating Cable w/ B  ...,https://www.walmart.com/ip/Hydrofarm-Jump-Start-Soil-12-Foot-Heating-Cable-w-Built-In-Thermostat-JSHC12/49843798
$14.98 $62.92,"Average rating:5out of5stars, based on1reviews1ratings Average rating:5out of5stars, based on1reviews1ratings",,LED Plant Grow Light E27 Hydroponics For Indoor Gree  ...,https://www.walmart.com/ip/LED-Plant-Grow-Light-E27-Hydroponics-For-Indoor-Greenhouse-Flower-Grow-Box/898374910
$23.53,,,Microgreens pH Control Kit by General Hydroponics: p  ...,https://www.walmart.com/ip/Microgreens-pH-Control-Kit-by-General-Hydroponics-pH-Test-Kit-pH-UP-pH-DOWN-Microgreens-Supply/17435060
$38.00,,,"Donaldson P821575 Air Filter, Primary (Pack of 2)",https://www.walmart.com/ip/Donaldson-P821575-Air-Filter-Primary-Pack-of-2/788696000
$44.69 $59.99,,,Hydroponic 12 x 48-Inch 60W Seed Start Seedling Prop  ...,https://www.walmart.com/ip/Hydroponic-12-x-48-Inch-60W-Seed-Start-Seedling-Propagation-Heat-Mat-19007/53982175
$63.44,,,"Ktaxon 48""x24""x72"" New Grow Tent Room Indoor Reflect  ...",https://www.walmart.com/ip/Ktaxon-48-x24-x72-New-Grow-Tent-Room-Indoor-Reflective-Mylar-Non-Toxic-Hut-Add-Window/727528225
$89.99,,,"Ktaxon 48""x 48""x78"" Indoor Grow Tent Hydroponic Grow  ...",https://www.walmart.com/ip/Ktaxon-48-x-48-x78-Indoor-Grow-Tent-Hydroponic-Grow-Tent-for-Indoor-Plant-Growing-with-Removable-Floor-Tray/189803935
$42.48,"Average rating:4out of5stars, based on1reviews1ratings Average rating:4out of5stars, based on1reviews1ratings",,40*40*120CM Indoor Plant Grow Tent Reflective Mylar   ...,https://www.walmart.com/ip/40-40-120CM-Indoor-Plant-Grow-Tent-Reflective-Mylar-Hydroponic-Grow-Room/837160157
$28.93,"Average rating:5out of5stars, based on2reviews2ratings Average rating:5out of5stars, based on2reviews2ratings",,GENERAL HYDROPONICS (1) Gallon of FloraGro Liquid Pl  ...,https://www.walmart.com/ip/GENERAL-HYDROPONICS-1-Gallon-of-FloraGro-Liquid-Plant-Growth-Formula-GH1423/39403725
$53.95 $107.95,"Average rating:5out of5stars, based on1reviews1ratings Average rating:5out of5stars, based on1reviews1ratings",,"35x29"" Indoor Grow Light Reflector Hood For 250w 400  ...",https://www.walmart.com/ip/35x29-Indoor-Grow-Light-Reflector-Hood-For-250w-400w-600w-1000-watt-HPS-MH-Tent/187746558
$75.00,,,Donaldson B085011 Filter (Pack of 2),https://www.walmart.com/ip/Donaldson-B085011-Filter-Pack-of-2/287836208
$121.16,"Average rating:5out of5stars, based on1reviews1ratings Average rating:5out of5stars, based on1reviews1ratings",,Agrobrite T5 216W 4' 4-Tube Grow Light Fixture w/ Fl  ...,https://www.walmart.com/ip/Agrobrite-T5-216W-4-4-Tube-Grow-Light-Fixture-w-Fluorescent-Lamps-FLT44/20594765
$44.34 $186.23,"Average rating:2.5out of5stars, based on2reviews2ratings Average rating:2.5out of5stars, based on2reviews2ratings",,6 Holes Plant Site Hydroponic System Grow Kit Bubble  ...,https://www.walmart.com/ip/6-Holes-Plant-Site-Hydroponic-System-Grow-Kit-Bubble-Indoor-Garden-Cabinet-Box/316843878
$184.99 $419.99,,,(2) HYDROFARM EnviroGro HO T5 2FT 4 Tube Fixtures w/  ...,https://www.walmart.com/ip/2-HYDROFARM-EnviroGro-HO-T5-2FT-4-Tube-Fixtures-w-Fluorescent-Lights-FLT24/20594734
$327.99,,,LED Grow Light Kits Mars Hydro Reflector 192 Best fo  ...,https://www.walmart.com/ip/LED-Grow-Light-Kits-Mars-Hydro-Reflector-192-Best-Veg-Flower-Seedling-Germination-Indoor-Hydroponic-Full-Spectrum-Lamp-Panel-Efficient-Garden-Greenho/756118783
$42.57,"Average rating:5out of5stars, based on1reviews1ratings Average rating:5out of5stars, based on1reviews1ratings",,OUTAD 40*40*120CM Indoor Plant Grow Tent Reflective   ...,https://www.walmart.com/ip/OUTAD-40-40-120CM-Indoor-Plant-Grow-Tent-Reflective-Mylar-Hydroponic-Grow-Room-Black-New/377195484
$15.99,"Average rating:1out of5stars, based on1reviews1ratings Average rating:1out of5stars, based on1reviews1ratings",,Xen-Lux 20 Watt LED Grow Lights Hydroponics Dual Ban  ...,https://www.walmart.com/ip/Xen-Lux-20-Watt-LED-Grow-Lights-Hydroponics-Dual-Band-Light-Panel-Red-Blue-Flowering-42-High-Output-Bulbs-Indoor-Grow-Rooms-Tents-Greenhouses/132882157
$63.00,,,Zimtown 3'x3'x6'ft 600D Small Indoor Mylar Hydroponi  ...,https://www.walmart.com/ip/Zimtown-3-x3-x6-ft-600D-Small-Indoor-Mylar-Hydroponics-Grow-Tent-for-Indoor-Plant-Growing/609373518
$179.99 $277.99,"Average rating:4.5out of5stars, based on2reviews2ratings Average rating:4.5out of5stars, based on2reviews2ratings",,Virtual Sun VS7600-76 Reflective Grow Tent - 76'' x   ...,https://www.walmart.com/ip/Virtual-Sun-VS7600-76-Reflective-Grow-Tent-76-x-76-x-76/41863962
$268.99 $284.43,"Average rating:4.6667out of5stars, based on3reviews3ratings Average rating:4.6667out of5stars, based on3reviews3ratings",,LED Grow Light Mars Hydro Reflector 144 Plant Light   ...,https://www.walmart.com/ip/LED-Grow-Light-Mars-Hydro-Reflector-144-Plant-Light-Lamp-Growing-Fixture-Full-Spectrum-IR-Growth-Bloom-Switches-Good-Hydroponic-System-Organic-Soil-H/965739884
$77.99 $119.99,,,Ktaxon 48 Full Spectrum LED Grow Lights Growing Lamp  ...,https://www.walmart.com/ip/Ktaxon-48-Full-Spectrum-LED-Grow-Lights-Growing-Lamp-Kits-For-Indoor-Plant-Hydroponic-Panel-Fixture-Bonsai-Medical-Veg-Flower-Herb-Plants/784547730
$15.36,,,Earth Juice Hi-Brix Molasses,https://www.walmart.com/ip/Earth-Juice-Hi-Brix-Molasses/19684947
$63.53 $99.99,,,"Grow Tent, 48""x24""x60"" Mylar Hydroponic Grow Tent wi  ...",https://www.walmart.com/ip/Grow-Tent-48-x24-x60-Mylar-Hydroponic-Grow-Tent-with-Observation-Window-and-Floor-Tray-for-Indoor-Gardening-Plant-Growing/533817719
$99.99 $199.99,,,Virtual Sun VST4004B 4-Ft 4 Lamp Bloom Flower T5 Hig  ...,https://www.walmart.com/ip/Virtual-Sun-VST4004B-4-Ft-4-Lamp-Bloom-Flower-T5-High-Output-Fluorescent-Grow-Light-Kit-Includes-4-T5-HO-Bulbs/41864164
$62.66 $99.99,,,"Ktaxon 48""x24""x60"" Grow Tent For Indoor Plant Growin  ...",https://www.walmart.com/ip/Ktaxon-48-x24-x60-Grow-Tent-For-Indoor-Plant-Growing-Dismountable-Reflective-Hydroponic-Non-Toxic-Room/480483523
$91.99 $128.95,,,"6"" Air Cooled Reflector Hood w/ Glass Fit 1000w 600w  ...",https://www.walmart.com/ip/6-Air-Cooled-Reflector-Hood-w-Glass-Fit-1000w-600w-400w-250w-HPS-MH-Grow-Light/128169300
$162.95 $202.99,,$162.95 - $202.99,iPower 600 Watt HPS MH Digital Dimmable Grow Light S  ...,https://www.walmart.com/ip/iPower-600-Watt-HPS-MH-Digital-Dimmable-Grow-Light-System-Kits-Air-Cooled-Reflector-Hood-Set/847649393
$189.90 $289.99,,,Ktaxon (4-Pack) LED Grow Light 600w Double Chips Ful  ...,https://www.walmart.com/ip/Ktaxon-4-Pack-LED-Grow-Light-600w-Double-Chips-Full-Specturm-Veg-Flower-Indoor-Growing-Lamp-Kits-Indoor-Hydroponic-Panel-Fixture-Medical-Plants-Stage/905170053
$394.90,"Average rating:5out of5stars, based on1reviews1ratings Average rating:5out of5stars, based on1reviews1ratings",,NEW! Gorilla Grow Tent 5' x 5' Indoor Hydroponic Gre  ...,https://www.walmart.com/ip/NEW-Gorilla-Grow-Tent-5-x-5-Indoor-Hydroponic-Greenhouse-Garden-Room-GGT55/49354351
$67.79 $99.99,,,Marswell 600W LED Grow Light Dual-chip Full Spectrum  ...,https://www.walmart.com/ip/Marswell-600W-LED-Grow-Light-Dual-chip-Full-Spectrum-Hydroponics-Fixture-Plant-Lamp-for-Indoor-Greenhouse-Medical-Palnt-Veg-Flower-Growing/367639440
$14.68,,,HYDROFARM Hydroponic Vegetable Advanced Nutrient Sys  ...,https://www.walmart.com/ip/HYDROFARM-Hydroponic-Vegetable-Advanced-Nutrient-System-16-oz/45821409
$85.96,,,CLONE KING 36 SITE AEROPONIC CLONER CLONING MACHINE,https://www.walmart.com/ip/CLONE-KING-36-SITE-AEROPONIC-CLONER-CLONING-MACHINE/806134668
$65.31,,,Root Royale Hydro Clay Pebbles 50L/13Gal Bag 390050,https://www.walmart.com/ip/Root-Royale-Hydro-Clay-Pebbles-50L-13Gal-Bag-390050/134999467
$129.99 $229.99,"Average rating:2.6667out of5stars, based on3reviews3ratings Average rating:2.6667out of5stars, based on3reviews3ratings",,Virtual Sun VST4008G 4-Ft 8 Lamp Vegetation 6500K T5  ...,https://www.walmart.com/ip/Virtual-Sun-VST4008G-4-Ft-8-Lamp-Vegetation-6500K-T5-Premium-High-Output-Fluorescent-Grow-Light-Kit/41864301
$17.33,,,Hydrofarm Fx14002 Quart Big Bloom,https://www.walmart.com/ip/Hydrofarm-Fx14002-Quart-Big-Bloom/54998296
$53.08,,,"Ktaxon 32""x32""x64"" Reflective 600D Mylar Hydroponic   ...",https://www.walmart.com/ip/Ktaxon-32-x32-x64-Reflective-600D-Mylar-Hydroponic-Grow-Tent-for-Indoor-Plant-Growing/160046424
$10.49 $13.64,,,SX200G Manual Air Relief Replacement for Select Sand  ...,https://www.walmart.com/ip/SX200G-Manual-Air-Relief-Replacement-for-Select-Sand-Filter-Manual-air-relief-replacement-By-Hayward/983650172
$12.95,"Average rating:5out of5stars, based on1reviews1ratings Average rating:5out of5stars, based on1reviews1ratings",,AeroGarden Garden Shears,https://www.walmart.com/ip/AeroGarden-Garden-Shears/36855648
$95.66 $344.99,,,NEW! QUANTUM 600W Watt HPS & MH Dimmable Digital Gro  ...,https://www.walmart.com/ip/NEW-QUANTUM-600W-Watt-HPS-MH-Dimmable-Digital-Grow-Light-Lamp-Ballast-QT600/39411971
$239.99,,,Gorilla Grow Tent Lite Line 4' x 4' Hydroponic Green  ...,https://www.walmart.com/ip/Gorilla-Grow-Tent-Lite-Line-4-x-4-Hydroponic-Greenhouse-Garden-Room-GGTLT44/49677271
$329.99 $479.99,,,"Funk Filter 780014-1 14""x49.25"" Carbon Air Filter fo  ...",https://www.walmart.com/ip/Funk-Filter-780014-1-14-x49-25-Carbon-Air-Filter-for-Odor-Removal/142115087
$89.99 $185.99,"Average rating:4.6667out of5stars, based on3reviews3ratings Average rating:4.6667out of5stars, based on3reviews3ratings",,Virtual Sun VS3600-36 Reflective Grow Tent - 36'' x   ...,https://www.walmart.com/ip/Virtual-Sun-VS3600-36-Reflective-Grow-Tent-36-x-36-x-78/41864497
$159.00 $244.99,,,Hydrofarm 1000 Watt Hydroponic Indoor Grow Light Kit,https://www.walmart.com/ip/Hydrofarm-1000-Watt-Hydroponic-Indoor-Grow-Light-Kit/39403668
$499.99,,,OPCOM Farm GrowTank Indoor Smart Hydroponic System,https://www.walmart.com/ip/OPCOM-Farm-GrowTank-Indoor-Smart-Hydroponic-System/831506866
$39.99,"Average rating:4out of5stars, based on2reviews2ratings Average rating:4out of5stars, based on2reviews2ratings",,NEW! HYDROFARM GMPER100L Super Coarse Perlite Soil A  ...,https://www.walmart.com/ip/NEW-HYDROFARM-GMPER100L-Super-Coarse-Perlite-Soil-Aeration-Volcanic-Rock-100L/17435125
$45.99 $79.99,,,"Costway 6"" Air Cooled Hood Reflector Hydroponics Lig  ...",https://www.walmart.com/ip/Costway-6-Air-Cooled-Hood-Reflector-Hydroponics-Light-Grow-Hydroponic-w-Glass-Cover/120360820
$98.99,,,"""iPower 48""x48""x80"" Hydroponic Water-Resistant Grow   ...",https://www.walmart.com/ip/iPower-48-x48-x80-Hydroponic-Water-Resistant-Grow-Tent-with-Removable-Floor-Tray-for-Indoor-Seedling-Plant-Growing-4-x4/510302032
$119.00,"Average rating:1out of5stars, based on1reviews1ratings Average rating:1out of5stars, based on1reviews1ratings",,Intbuying Hydroponic Site Grow Kit 90 Garden Plant S  ...,https://www.walmart.com/ip/Intbuying-Hydroponic-Site-Grow-Kit-90-Garden-Plant-System-141095/170819053
$55.59 $89.99,,,Marswell 400W COB LED Grow Light Full Spectrum Hydro  ...,https://www.walmart.com/ip/Marswell-400W-COB-LED-Grow-Light-Full-Spectrum-Hydroponics-Plant-Lamp-for-Indoor-Greenhouse-Veg-Flower-Medical-Greenhouse-Growing/467597757
$47.00,"Average rating:5out of5stars, based on1reviews1ratings Average rating:5out of5stars, based on1reviews1ratings",,"Sun Blaster 0900304 4' 54W 6,400 K SunBlaster T5 HO",https://www.walmart.com/ip/Sun-Blaster-0900304-4-54W-6-400-K-SunBlaster-T5-HO/49661231
$62.99 $89.99,,,"2-Pack Hydrofarm GROW!T Horticultural Clay Pebbles,   ...",https://www.walmart.com/ip/2-Pack-Hydrofarm-GROW-T-Horticultural-Clay-Pebbles-25-Liter-Bags-2-x-GMC25L/198362133
$219.99,,,Deep water culture hydroponic 8-plant system,https://www.walmart.com/ip/Deep-water-culture-hydroponic-8-plant-system/314323961
$82.99,,,"Tappin Roots Solid Bloom, 1 Gal",https://www.walmart.com/ip/Tappin-Roots-Solid-Bloom-1-Gal/54890650
$119.00,,,Intbuying Hydroponic Site Grow Kit 72 Holes Garden P  ...,https://www.walmart.com/ip/Intbuying-Hydroponic-Site-Grow-Kit-72-Holes-Garden-Plant-System-141078/750181276
$25.99 $56.95,,,Yescom 6 Layer Compartments Collapsible Hanging Dry   ...,https://www.walmart.com/ip/Yescom-6-Layer-Compartments-Collapsible-Hanging-Dry-Net-Herb-Herbal-Drying-Rack-for-Buds-Flowers-Hydroponic-Plant/135553754
$62.66 $101.10,,,"Zimtown 48""x24""x60"" 600D Hydroponic Grow Tent for In  ...",https://www.walmart.com/ip/Zimtown-48-x24-x60-600D-Hydroponic-Grow-Tent-for-Indoor-Plant-Growing-with-Removable-Floor-Tray/518028746
$8.18 $11.39,,,HYDROFARM GH1514 pH Control Kit,https://www.walmart.com/ip/HYDROFARM-GH1514-pH-Control-Kit/54998298
$88.99,,,ipower glfanxinl4filt4m 4-inch carbon filter w/ 1050  ...,https://www.walmart.com/ip/ipower-glfanxinl4filt4m-4-inch-carbon-filter-w-1050-iav-australia-virgin-charcoal-pre-filter-included-reversible-flange-amp-high-cfm-inline-exhaustin/883907143
$99.00,,,Intbuying Hydroponic Site Grow Kit 54 Holes Garden P  ...,https://www.walmart.com/ip/Intbuying-Hydroponic-Site-Grow-Kit-54-Holes-Garden-Plant-System-141119/985938278
$89.00,,,Intbuying Hydroponic Site Grow Kit 54 Holes Garden P  ...,https://www.walmart.com/ip/Intbuying-Hydroponic-Site-Grow-Kit-54-Holes-Garden-Plant-System-141121/428371484
$13.59 $27.95,,,4x Adjustable Yoyo Hanger 26.4lbs Weight Capacity/Pa  ...,https://www.walmart.com/ip/4x-Adjustable-Yoyo-Hanger-26-4lbs-Weight-Capacity-Pair-for-HPS-MH-T5-Reflector-Grow-Light-Kit-Hydroponics/189659911
$86.22 $91.01,,,"Biostrate Hydroponic Growing Mats - 1 Roll - 9"" by 1  ...",https://www.walmart.com/ip/Biostrate-Hydroponic-Growing-Mats-1-Roll-9-120-Hydroponic-Grow-Systems-Sure-Biodegradable-Felt-Pads-Grow-Microgreens-Wheatgrass-Baby-Salad-Greens/589520358
$42.99 $69.99,,,Marswell 200W COB Full Spectrum LED Grow Lights for   ...,https://www.walmart.com/ip/Marswell-200W-COB-Full-Spectrum-LED-Grow-Lights-for-Veg-and-Flowering-Greenhouse-Growing-Lamp-Medical-Hydroponics-Lighting-Kit-SMD-Chip/511224311
$133.89,,,Gorilla Grow Tent Lite Line 2' x 2.5' Hydroponic Gre  ...,https://www.walmart.com/ip/Gorilla-Grow-Tent-Lite-Line-2-x-2-5-Hydroponic-Greenhouse-Garden-Room-GGTLT22/49677199
$85.99 $129.99,,,"Zimtown 48""x48""x78"" Hydroponic Water-Resistant Grow   ...",https://www.walmart.com/ip/Zimtown-48-x48-x78-Hydroponic-Water-Resistant-Grow-Tent-with-Removable-Floor-Tray-and-Window/388106463
$19.95,,,9-Pod Heirloom CherryTomato,https://www.walmart.com/ip/9-Pod-Heirloom-CherryTomato/695856376
$26.22,,,"GrodanÂ® RWAO3640 A-Ok Starter Plugsâ„¢ Plant Starters,  ...",https://www.walmart.com/ip/Grodan-reg-RWAO3640-A-Ok-Starter-Plugs-trade-Plant-Starters-98-Count/152245136
$95.99,,,"iPower 36""x36""x72"" Hydroponic Water-Resistant Grow T  ...",https://www.walmart.com/ip/iPower-36-x36-x72-Hydroponic-Water-Resistant-Grow-Tent-with-Removable-Floor-Tray-for-Indoor-Seedling-Plant-Growing/675947181
$699.99,,,OPCOM Farm GrowWall Indoor Smart Hydroponic System,https://www.walmart.com/ip/OPCOM-Farm-GrowWall-Indoor-Smart-Hydroponic-System/159916649
$225.00 $253.42,,,Hydro Crunchâ„¢ 315-Watt Ceramic Metal Halide CMH Open  ...,https://www.walmart.com/ip/Hydro-Crunch-315-Watt-Ceramic-Metal-Halide-CMH-Open-Style-Complete-Grow-Light-System-with-Lamp/622520690
$507.99,,,Mars II 1600W LED Grow Light Indoor Hydroponic Lamp   ...,https://www.walmart.com/ip/Mars-II-1600W-LED-Grow-Light-Indoor-Hydroponic-Lamp-Full-Spectrum-IR-Veg-Flower-Powerful-Bulb-Lamp-Kits-Garden-Greenhouse-Horticulture-Panel-Growing-/427357023
$344.82,,,"Superthrive Orig Vitamin Solution, 2.5 Gallon",https://www.walmart.com/ip/Superthrive-Orig-Vitamin-Solution-2-5-Gallon/54890637
$449.98,,,General Hydroponics 8 Module Unit WaterFarm Controll  ...,https://www.walmart.com/ip/General-Hydroponics-8-Module-Unit-WaterFarm-Controller-Kit-System-Terra-Cotta/191846217
$179.99 $308.99,"Average rating:3.5out of5stars, based on2reviews2ratings Average rating:3.5out of5stars, based on2reviews2ratings",,Virtual Sun VS9600-48 Reflective Grow Master Supreme  ...,https://www.walmart.com/ip/Virtual-Sun-VS9600-48-Reflective-Grow-Master-Supreme-Grow-Tent-96-x-48-x-78/42512156
$247.99 $543.99,,,"(8) HYDROFARM ACF16 Active Air 16"" Wall Mountable Os  ...",https://www.walmart.com/ip/8-HYDROFARM-ACF16-Active-Air-16-Wall-Mountable-Oscillating-Hydroponic-Fans/614242189
$328.99,,,Mars II 900W LED Grow Lights for Indoor Plant Full S  ...,https://www.walmart.com/ip/Mars-II-900W-LED-Grow-Lights-Indoor-Plant-Full-Spectrum-IR-Indoor-Hydroponic-Plant-Growing-Lamp-Veg-Flower-Seedling-Flowering-Budding-Vegetative-Bulb/814604392
$89.95,,,LAGarden 48x48x78 100% Reflective Diamond Mylar Hydr  ...,https://www.walmart.com/ip/LAGarden-48x48x78-100-Reflective-Diamond-Mylar-Hydroponics-Indoor-Grow-Tent-Non-Toxic-Planting-Room-4x4Ft/120231670
$99.99,,,"Tappin Roots Essential Grow, 1 Gal",https://www.walmart.com/ip/Tappin-Roots-Essential-Grow-1-Gal/54890651
$108.48 $149.99,,,Hydrofarm Active Aqua Root Spa 5-Gallon 4 Bucket Cul  ...,https://www.walmart.com/ip/Hydrofarm-Active-Aqua-Root-Spa-5-Gallon-4-Bucket-Culture-System-RS5GAL4SYS/177601045
$96.95 $176.95,,,"LAGarden 48""x48""x84"" 100% Reflective Mylar Hydroponi  ...",https://www.walmart.com/ip/LAGarden-48-x48-x84-100-Reflective-Mylar-Hydroponics-Indoor-Grow-Tent-Non-Toxic-Planting-Room-4-x4-x7/158608902
$278.95 $296.97,,,Hydroponic Black Bucket Deep Water System (8-Pack),https://www.walmart.com/ip/Hydroponic-Black-Bucket-Deep-Water-System-8-Pack/136935747
$53.49,"Average rating:5out of5stars, based on1reviews1ratings Average rating:5out of5stars, based on1reviews1ratings",,Hydrofarm Hydroponic Fluorescent 125 Watt Grow Light  ...,https://www.walmart.com/ip/Hydrofarm-Hydroponic-Fluorescent-125-Watt-Grow-Light-System-w-Cord-FLCDG125D/20594715
$278.00,,,Hydroponic Black Bucket Deep Water and Grow Light Ki  ...,https://www.walmart.com/ip/Hydroponic-Black-Bucket-Deep-Water-and-Grow-Light-Kit-4-Pack/985198179
$58.95,"Average rating:4.3333out of5stars, based on3reviews3ratings Average rating:4.3333out of5stars, based on3reviews3ratings",,LAGarden 100% Reflective Diamond Mylar Hydroponics I  ...,https://www.walmart.com/ip/LAGarden-100-Reflective-Diamond-Mylar-Hydroponics-Indoor-Grow-Tent-Non-Toxic-Planting-Room-w-Window-Cabinet/142049884
$259.90 $399.99,,,Ktaxon Full Spectrum LED Plant Grow Lights 2000W Dou  ...,https://www.walmart.com/ip/Ktaxon-Full-Spectrum-LED-Plant-Grow-Lights-2000W-Double-Chips-for-Hydronic-Greenhouse-Veg-Plant-Growing/242927170
$224.99,,,Hydrofarm Active Aqua Grow Flow Ebb and Gro Controll  ...,https://www.walmart.com/ip/Hydrofarm-Active-Aqua-Grow-Flow-Ebb-and-Gro-Controller-Unit-w-2-Pumps-GFO7CB/51773667
$187.99 $661.99,,$187.99 - $661.99,Mars Hydro LED Grow Light 400W Mars Pro II Epistar 8  ...,https://www.walmart.com/ip/Mars-Hydro-LED-Grow-Light-400W-Mars-Pro-II-Epistar-80-Veg-Flower-Full-Spectrum-Plant-Hydroponic-Bulb-Kits-Indoor-Growing-Lamp-Indoor-Garden-Planting-/721667848
$36.64,,,"Earth Juice Bloom Plant Food 0-3-1, 1 qt",https://www.walmart.com/ip/Earth-Juice-Bloom-Plant-Food-0-3-1-1-qt/17694605
$9.00,"Average rating:5out of5stars, based on1reviews1ratings Average rating:5out of5stars, based on1reviews1ratings",,"Hydrofarm 7.5"" Vented Humidity Dome With Adjustable   ...",https://www.walmart.com/ip/Hydrofarm-7-5-Vented-Humidity-Dome-With-Adjustable-Top-And-Side-Vents-CK64081/20594695
$84.00,,,Hydroponic Sectional Microgreens Growing Kit - Grow   ...,https://www.walmart.com/ip/Hydroponic-Sectional-Microgreens-Growing-Kit-Grow-Micro-Greens-Herbs-Indoor-Gardening-All-Supplies-Seeds-Trays-Instructions-Etc-8230/114772580
$15.36 $16.99,,,GoodEarthLighting 15 Watt Fluorescent Grow Light Fix  ...,https://www.walmart.com/ip/GoodEarthLighting-15-Watt-Fluorescent-Grow-Light-Fixture/21783342
$16.10,,,HYDROFARM VI30148 4oz Superthrive,https://www.walmart.com/ip/HYDROFARM-VI30148-4oz-Superthrive/54998268
$42.48,,,New 40*40*120CM Indoor Plant Grow Tent Reflective My  ...,https://www.walmart.com/ip/New-40-40-120CM-Indoor-Plant-Grow-Tent-Reflective-Mylar-Hydroponic-Grow-Room-Black/366472549
$42.58 $89.42,"Average rating:5out of5stars, based on1reviews1ratings Average rating:5out of5stars, based on1reviews1ratings",,Black 40*40*120Cm Indoor Plant Grow Tent Reflective   ...,https://www.walmart.com/ip/Black-40-40-120Cm-Indoor-Plant-Grow-Tent-Reflective-Mylar-Hydroponic-Grow-Room/598727342
$22.90 $24.95,,,Miracle-Gro Aerogarden Seed Starting System Classic   ...,https://www.walmart.com/ip/Miracle-Gro-Aerogarden-Seed-Starting-System-Classic-6/47642601
$54.90,,,300W IR LED Grow Light Full Spectrum for Indoor Gree  ...,https://www.walmart.com/ip/300W-IR-LED-Grow-Light-Full-Spectrum-for-Indoor-Greenhouse-Horticulture-Plant-Growing-Hydroponic-Flower-Veg-Herb/630481697
$184.99 $407.99,,,"(6) HYDROFARM ACF16 Active Air 16"" Wall Mountable Os  ...",https://www.walmart.com/ip/6-HYDROFARM-ACF16-Active-Air-16-Wall-Mountable-Oscillating-Hydroponic-Fans/121391557
$179.99 $279.99,,,"NEW! Hydrofarm Raptor 6"" Air Cooled Grow Light Fixtu  ...",https://www.walmart.com/ip/NEW-Hydrofarm-Raptor-6-Air-Cooled-Grow-Light-Fixture-Reflector-Hood-RP6AC/39403748
$78.39,,,Platinium Super Cloner 12 Site,https://www.walmart.com/ip/Platinium-Super-Cloner-12-Site/153455811
$79.92,,,"HYDROFARM FX14087 Foxfarm, Gallon, Bushdoctor Boomer  ...",https://www.walmart.com/ip/HYDROFARM-FX14087-Foxfarm-Gallon-Bushdoctor-Boomerang-Liquid-Fertilizer/54998498
$54.60,,,Wet Circuits Super Safe 4x Outlet Power Strip,https://www.walmart.com/ip/Wet-Circuits-Super-Safe-4x-Outlet-Power-Strip/55047929
$91.99,"Average rating:5out of5stars, based on1reviews1ratings Average rating:5out of5stars, based on1reviews1ratings",,48x48x78 100% Reflective Mylar Hydroponic Grow Tent   ...,https://www.walmart.com/ip/48x48x78-100-Reflective-Mylar-Hydroponic-Grow-Tent-Window-Indoor-Non-Toxic-Room/143937152
$69.99 $135.20,,$69.99 - $135.20,General Hydroponics FloraNova Bloom 1 gal GH1633,https://www.walmart.com/ip/General-Hydroponics-FloraNova-Bloom-1-gal-GH1633/17435026
$125.90 $189.99,,,Ktaxon 96 Full Spectrum LED Grow Light Kits for Indo  ...,https://www.walmart.com/ip/Ktaxon-96-Full-Spectrum-LED-Grow-Light-Kits-for-Indoor-Plant-Hydroponic-Panel-Fixture-All-Stages-of-Plant-Growth/749314763
$136.04,,,HYDROFARM JSFSYS2 4Lamp Mod T5 Light System,https://www.walmart.com/ip/HYDROFARM-JSFSYS2-4Lamp-Mod-T5-Light-System/54998260
$20.78,,,AeroGarden Herb 'n Serve,https://www.walmart.com/ip/AeroGarden-Herb-n-Serve/36855642
$179.99 $266.99,,,NEW! LIGHT RAIL 4.0 AdjustaDrive Grow Light Mover Mo  ...,https://www.walmart.com/ip/NEW-LIGHT-RAIL-4-0-AdjustaDrive-Grow-Light-Mover-Motor-10-RPM-HPS-MH-Hydroponic/39403671
$113.99 $136.99,,$113.99 - $136.99,Hydrofarm T5 Tube Designer Grow Light System (4 Bulb  ...,https://www.walmart.com/ip/Hydrofarm-T5-Tube-Designer-Grow-Light-System-4-Bulbs/50247300
$119.90 $179.99,,,Ktaxon 1200W Dual-chip Full Spectrum LED Grow Light   ...,https://www.walmart.com/ip/Ktaxon-1200W-Dual-chip-Full-Spectrum-LED-Grow-Light-for-Greenhouse-Palnt-Veg-Flower-Plant-Light/648529197
$379.30,,,Hydrofarm SBCMH31531K CMH Hydroponic Reflector Syste  ...,https://www.walmart.com/ip/Hydrofarm-SBCMH31531K-CMH-Hydroponic-Reflector-System-315-Watts/425821748
$36.99 $49.99,,,Hydrofarm Jump Start 2-Feet Hydroponic Grow Light St  ...,https://www.walmart.com/ip/Hydrofarm-Jump-Start-2-Feet-Hydroponic-Grow-Light-Stand-for-Plants-JS10065/50163830
$98.69,,,HYDROFARM SBMM100H Mini Sunburst Reflector,https://www.walmart.com/ip/HYDROFARM-SBMM100H-Mini-Sunburst-Reflector/54998261
$66.04,,,HYDROFARM TMP-DNE Cool/Heat Thermostat,https://www.walmart.com/ip/HYDROFARM-TMP-DNE-Cool-Heat-Thermostat/54998448
$39.99 $54.99,,,Hydrofarm Stack!t Collapsible 2 Ft Drying Rack with   ...,https://www.walmart.com/ip/Hydrofarm-Stack-t-Collapsible-2-Ft-Drying-Rack-with-Zipper-Flippable-DR24UZIP/49660629
$18.47 $21.95,,,"Hydrofarm FX14086 Foxfarm, QT, Bushdoctor Boomerang,  ...",https://www.walmart.com/ip/Hydrofarm-FX14086-Foxfarm-QT-Bushdoctor-Boomerang-Liquid-Fertilizer/54998334
$25.45,,,"Tappin Roots Essential Grow, Quart",https://www.walmart.com/ip/Tappin-Roots-Essential-Grow-Quart/54890647
$66.66 $99.99,,,Ktaxon 600W Dual-chip Full Spectrum Hydroponics LED   ...,https://www.walmart.com/ip/Ktaxon-600W-Dual-chip-Full-Spectrum-Hydroponics-LED-Grow-Light-for-Indoor-Greenhouse-Medical-Palnt-Veg-Flower-Growing/317679586
$20.11,"Average rating:3out of5stars, based on1reviews1ratings Average rating:3out of5stars, based on1reviews1ratings",,HYDROFARM LKIT60 60W Day Grow Light Kit,https://www.walmart.com/ip/HYDROFARM-LKIT60-60W-Day-Grow-Light-Kit/54998306
$84.39 $142.11,,,HYDROFARM qt600 600W 120/240V Dimmable Ballast,https://www.walmart.com/ip/HYDROFARM-qt600-600W-120-240V-Dimmable-Ballast/54998311
$46.99,,,"Lazymoon 32""x32""x63"" Indoor Mylar Hydroponic Plant G  ...",https://www.walmart.com/ip/Lazymoon-32-x32-x63-Indoor-Mylar-Hydroponic-Plant-Growing-Tents-Water-Resistant-Garden-Seedling-Grow-Tent/943791691
$38.54,,,Mintcraft 20'' x 20'' Medium Duty Tarp,https://www.walmart.com/ip/Mintcraft-20-x-20-Medium-Duty-Tarp/22967245
$9.22,,,HYDROFARM HGTLCRV Thirsty Light Curve,https://www.walmart.com/ip/HYDROFARM-HGTLCRV-Thirsty-Light-Curve/54998456
$77.77,,,"Ktaxon 4-Pack 225 LED Grow Light , Hydroponic Lamp,   ...",https://www.walmart.com/ip/Ktaxon-4-Pack-225-LED-Grow-Light-Hydroponic-Lamp-Blue-Red-14-Watts-Quad-band-Plant-Light/264436999
$84.98,,,"Hydrofarm ACDF6 Active Air 6"" In-Line Fan Blower w/   ...",https://www.walmart.com/ip/Hydrofarm-ACDF6-Active-Air-6-In-Line-Fan-Blower-w-Mounting-Bracket-400-CFM/20594739
$76.15 $87.12,,,"Tappin Roots Dynamic Soil Amender, 2 Gal",https://www.walmart.com/ip/Tappin-Roots-Dynamic-Soil-Amender-2-Gal/54890652
$93.00,,,Hydroplanetâ„¢ 8 Inch Virgin Carbon Charcoal Air Filte  ...,https://www.walmart.com/ip/Hydroplanet-8-Inch-Virgin-Carbon-Charcoal-Air-Filter-Scrubber-for-Odor-Control/649178523
$67.41 $89.99,,,"Hanna Instruments Replaceable PH Electrode HI98127,   ...",https://www.walmart.com/ip/Hanna-Instruments-Replaceable-PH-Electrode-HI98127-HI98128-HI98129-HI98130/51741761
$217.99 $225.00,,,Hydrologic Stealth Reverse Osmosis Filtration System,https://www.walmart.com/ip/Hydrologic-Stealth-Reverse-Osmosis-Filtration-System/49594058
$21.39,,,"Hydrofarm FX14089 Foxfarm, QT, Bushdoctor Flowers Ki  ...",https://www.walmart.com/ip/Hydrofarm-FX14089-Foxfarm-QT-Bushdoctor-Flowers-Kiss-Liquid-Fertilizer/54998329
$52.42,,,HYDROFARM FX14025 2  lb ChaChing Fertilizer,https://www.walmart.com/ip/HYDROFARM-FX14025-2-lb-ChaChing-Fertilizer/54998384
$72.99 $86.99,,,Hydrofarm Jump Start Grow Light System,https://www.walmart.com/ip/Hydrofarm-Jump-Start-Grow-Light-System/41745884
$37.56,,,HYDROFARM JSFC2 Jump Start T5 Modular Strip & Reflec  ...,https://www.walmart.com/ip/HYDROFARM-JSFC2-Jump-Start-T5-Modular-Strip-Reflector-System/54998349
$23.39,,,HYDROFARM FX14070 Quart Kangaroots,https://www.walmart.com/ip/HYDROFARM-FX14070-Quart-Kangaroots/54998324
$23.51 $97.75,,$23.51 - $97.75,Botanicare Pure Blend Pro Bloom 1 qt BCPBPBQT,https://www.walmart.com/ip/Botanicare-Pure-Blend-Pro-Bloom-1-qt-BCPBPBQT/125007685
$78.99,,,(2) HYDROFARM CK64060 Germination Hot House with Hea  ...,https://www.walmart.com/ip/2-HYDROFARM-CK64060-Germination-Hot-House-with-Heat-Mat-Hydroponic-Flower-Grow/667901152
$13.43,,,HYDROFARM LLIF-001 Reflector Hang System,https://www.walmart.com/ip/HYDROFARM-LLIF-001-Reflector-Hang-System/54998285
$40.00,,,Hydroplanetâ„¢ 4 Inch Virgin Carbon Charcoal Air Filte  ...,https://www.walmart.com/ip/Hydroplanet-4-Inch-Virgin-Carbon-Charcoal-Air-Filter-Scrubber-for-Odor-Control/201099587
$28.99,,,Trans Globe 4122 Bulkhead - 8W in.,https://www.walmart.com/ip/Trans-Globe-4122-Bulkhead-8W-in/31973491
$11.74,,,HYDROFARM FX14088 1 pt Flowers Kiss,https://www.walmart.com/ip/HYDROFARM-FX14088-1-pt-Flowers-Kiss/54998275
$75.50,,,Black Bucket Deep Water Culture Hydroponic System,https://www.walmart.com/ip/Black-Bucket-Deep-Water-Culture-Hydroponic-System/660330042
$51.99 $54.79,,,Safe Grow Hydroponics Garden Monitoring Smart System  ...,https://www.walmart.com/ip/Safe-Grow-Hydroponics-Garden-Monitoring-Smart-System-Temperature-Humidity-Sensor/822509447
$599.99,,,OPCOM Farm GrowBox2 Indoor Smart Hydroponic System,https://www.walmart.com/ip/OPCOM-Farm-GrowBox2-Indoor-Smart-Hydroponic-System/351428689
$107.69,,,Deep water culture hydroponic 4-plant system,https://www.walmart.com/ip/Deep-water-culture-hydroponic-4-plant-system/676032019
"$1,143.49",,,4 ft. x 4 ft. Ebb and Flow Hydroponics System,https://www.walmart.com/ip/4-ft-x-4-ft-Ebb-and-Flow-Hydroponics-System/285667998
$154.17,,,Black Bucket Deep Water Culture DWC Hydroponic Syste  ...,https://www.walmart.com/ip/Black-Bucket-Deep-Water-Culture-DWC-Hydroponic-System-with-Grow-Light-and-Timer/417221595
$400.12 $472.60,,,Hydro Crunchâ„¢ 630-Watt Ceramic Metal Halide CMH Open  ...,https://www.walmart.com/ip/Hydro-Crunch-630-Watt-Ceramic-Metal-Halide-CMH-Open-Style-Dual-Lamp-Complete-Grow-Light-System-with-Lamps/102225634
$978.00,,,3 ft. x 3 ft. Ebb and Flow Hydroponics System,https://www.walmart.com/ip/3-ft-x-3-ft-Ebb-and-Flow-Hydroponics-System/322941577
$199.99,,,OPCOM Farm O2-Light Indoor Smart Hydroponic System,https://www.walmart.com/ip/OPCOM-Farm-O2-Light-Indoor-Smart-Hydroponic-System/767383305
$75.07,,,Hydro Crunchâ„¢ 42 in. Parabolic Vertical Umbrella Hoo  ...,https://www.walmart.com/ip/Hydro-Crunch-42-in-Parabolic-Vertical-Umbrella-Hood-Grow-Light-Reflector/487075581
$7.54,,,Teeny Bulbs Light Set - 20 Clear Rice Bulbs - Green   ...,https://www.walmart.com/ip/Teeny-Bulbs-Light-Set-20-Clear-Rice-Bulbs-Green-Cord/165829840
$38.99,,,HYDROFARM FX14024 1  lb Cha Ching Fertilizer,https://www.walmart.com/ip/HYDROFARM-FX14024-1-lb-Cha-Ching-Fertilizer/54998353
$87.95,,,"HYDROFARM FX14090 Foxfarm, Gallon, Bushdoctor Flower  ...",https://www.walmart.com/ip/HYDROFARM-FX14090-Foxfarm-Gallon-Bushdoctor-Flowers-Kiss-Liquid-Fertilizer/54998490
$175.49 $213.58,,,Organic Wheatgrass Growing Kit w/ Hurricane Stainles  ...,https://www.walmart.com/ip/Organic-Wheatgrass-Growing-Kit-w-Hurricane-Stainless-Steel-Wheat-Grass-Juicer-Everything-to-Grow-Juice-Wheatgrass/158805540
$25.87,,,HYDROFARM BUHL175MSB 175W Replacement Sunburst Bulb,https://www.walmart.com/ip/HYDROFARM-BUHL175MSB-175W-Replacement-Sunburst-Bulb/54998338
$260.00,,,"HYDROFARM FL48G  4' 8 Tube, T5 Designer System Fixtu  ...",https://www.walmart.com/ip/HYDROFARM-FL48G-4-8-Tube-T5-Designer-System-Fixture/54998339
$16.73,,,HYDROFARM BLB-026 150W Mini Sunburst Sodium Bulb,https://www.walmart.com/ip/HYDROFARM-BLB-026-150W-Mini-Sunburst-Sodium-Bulb/54998309
$191.67,,,HYDROFARM FX14008 2.5 Gallon Grow Big Liquid Plant F  ...,https://www.walmart.com/ip/HYDROFARM-FX14008-2-5-Gallon-Grow-Big-Liquid-Plant-Food-Concentrate/54998300
$78.99,,,Hydrofarm FX14067 Gallon Sledgehammer,https://www.walmart.com/ip/Hydrofarm-FX14067-Gallon-Sledgehammer/54998472
$54.07 $63.90,,,"HYDROFARM PPB1003 15W, White, Powerpar, LED Bulb",https://www.walmart.com/ip/HYDROFARM-PPB1003-15W-White-Powerpar-LED-Bulb/54998458
$175.40,,,HYDROFARM FX14012 2.5 Gallon Grow Big Hydro Liquid P  ...,https://www.walmart.com/ip/HYDROFARM-FX14012-2-5-Gallon-Grow-Big-Hydro-Liquid-Plant-Food-Concentrate/54998301
$57.66,,,"Hydrofarm FX14027 Foxfarm, 2 lb, Open Sesame, Solubl  ...",https://www.walmart.com/ip/Hydrofarm-FX14027-Foxfarm-2-lb-Open-Sesame-Soluble-Fertilizer/54998442
$52.42,,,"Hydrofarm FX14029 Foxfarm, 2 lb, Beastie Bloomz, Sol  ...",https://www.walmart.com/ip/Hydrofarm-FX14029-Foxfarm-2-lb-Beastie-Bloomz-Soluble-Fertilizer/54998445
$15.99 $37.99,,,BEST & MOST EFFECTIVE 15 Watt LED Plant Grow Light B  ...,https://www.walmart.com/ip/BEST-EFFECTIVE-15-Watt-LED-Plant-Grow-Light-Bulb-Hydroponic-Greenhouse-Plants-Flowers-Vegetables-Garden-Low-Energy-Consumption-Fits-Standard-E27-Sock/48554787
$63.53 $99.99,,,"Zimtown Grow Tent, 48""x24""x60"" Mylar Hydroponic Grow  ...",https://www.walmart.com/ip/Zimtown-Grow-Tent-48-x24-x60-Mylar-Hydroponic-Grow-Tent-with-Observation-Window-and-Floor-Tray-for-Indoor-Gardening-Plant-Growing/171686582
$25.99 $35.99,,$25.99 - $35.99,220V 6/11 Holes Plant Site Hydroponic System Grow Ki  ...,https://www.walmart.com/ip/220V-6-11-Holes-Plant-Site-Hydroponic-System-Grow-Kit-Bubble-Indoor-Cabinet-Box-Garden-Tub-DWC-Deep-Water-Culture/233591192
$5.24,,,Phat Pre-Filter 8x4,https://www.walmart.com/ip/Phat-Pre-Filter-8x4/252122302
$5.35,,,EcoPlus Flexible Air Diffuser 3 ft,https://www.walmart.com/ip/EcoPlus-Flexible-Air-Diffuser-3-ft/135370990
$5.67,,,Nutrient Pump 30 ml,https://www.walmart.com/ip/Nutrient-Pump-30-ml/20594900
$6.00,,,EcoPlus Flexible Air Diffuser 2 ft,https://www.walmart.com/ip/EcoPlus-Flexible-Air-Diffuser-2-ft/139319170
$6.29,,,Phat Pre-Filter 12x4,https://www.walmart.com/ip/Phat-Pre-Filter-12x4/681846952
$6.29,,,"Active Air Pre-Filter for ACCF144, 4"" x 14""",https://www.walmart.com/ip/Active-Air-Pre-Filter-for-ACCF144-4-x-14/107280575
$7.29 $14.95,,,2x Adjustable Yoyo Hanger 26.4lbs Weight Capacity/Pa  ...,https://www.walmart.com/ip/2x-Adjustable-Yoyo-Hanger-26-4lbs-Weight-Capacity-Pair-for-HPS-MH-T5-Reflector-Grow-Light-Kit-Hydroponics/128698219
$7.34,,,Phat Pre-Filter 12x6,https://www.walmart.com/ip/Phat-Pre-Filter-12x6/555030443
$7.34,,,"DUCT CLAMP 10""2PK BG",https://www.walmart.com/ip/DUCT-CLAMP-10-2PK-BG/20594631
$7.34,,,Phat Pre-Filter 20x4,https://www.walmart.com/ip/Phat-Pre-Filter-20x4/127259283
$7.53,,,"Elemental Solutions O2 Blue Air Tubing 3/16"", 10'",https://www.walmart.com/ip/Elemental-Solutions-O2-Blue-Air-Tubing-3-16-10/109791320
$7.99 $8.99,,$7.99 - $8.99,iPower 6 Inch Replacement Pre-Filter for Carbon Filt  ...,https://www.walmart.com/ip/iPower-6-Inch-Replacement-Pre-Filter-for-Carbon-Filter/940491065
$8.39,,,Phat Pre-Filter 20x6,https://www.walmart.com/ip/Phat-Pre-Filter-20x6/633603071
$8.39,,,Phat Pre-Filter 16x6,https://www.walmart.com/ip/Phat-Pre-Filter-16x6/209964075
$8.39,,,"Active Air Pre-Filter for ACCF166, 6"" x 16""",https://www.walmart.com/ip/Active-Air-Pre-Filter-for-ACCF166-6-x-16/154928312
$9.44,,,Phat Pre-Filter 24x6,https://www.walmart.com/ip/Phat-Pre-Filter-24x6/679239079
$9.44,,,"Active Air Pre-Filter for ACCF246, 6"" x 24""",https://www.walmart.com/ip/Active-Air-Pre-Filter-for-ACCF246-6-x-24/130766081
$9.46,,,Hydrofarm HMDC1000 1000ppm Calibration Solution,https://www.walmart.com/ip/Hydrofarm-HMDC1000-1000ppm-Calibration-Solution/24773977
$10.09,,,Xen-Lux Adjustable Easy Roller Hydroponic Grow Light  ...,https://www.walmart.com/ip/Xen-Lux-Adjustable-Easy-Roller-Hydroponic-Grow-Light-Hanger-Kit/130538983
$10.49,,,Phat Pre-Filter 24x8,https://www.walmart.com/ip/Phat-Pre-Filter-24x8/392746993
$10.60,,,EcoPlus Flexible Air Diffuser 4 ft,https://www.walmart.com/ip/EcoPlus-Flexible-Air-Diffuser-4-ft/135584782
$10.89 $15.25,,,"Shop-vac 9052600 Small Foam Filter Sleeve, Sold on W  ...",https://www.walmart.com/ip/Shop-vac-9052600-Small-Foam-Filter-Sleeve-Sold-on-Walmart-By-ShopVac-Corp/628688642
$10.92 $19.99,"Average rating:5out of5stars, based on1reviews1ratings Average rating:5out of5stars, based on1reviews1ratings",,Specrail Aluminum Spike Post - Black,https://www.walmart.com/ip/Specrail-Aluminum-Spike-Post-Black/26096182
$11.71,,,ANCHOR 11005 8'X10' POLYTARP WOVEN LAMIN,https://www.walmart.com/ip/ANCHOR-11005-8-X10-POLYTARP-WOVEN-LAMIN/35827720
$12.12,,,"Stove, Range Knob for Jenn Air 74007733",https://www.walmart.com/ip/Stove-Range-Knob-for-Jenn-Air-74007733/586606272
$12.59,,,"Active Air Pre-Filter for ACCF248, 8"" x 24""",https://www.walmart.com/ip/Active-Air-Pre-Filter-for-ACCF248-8-x-24/151903296
$13.09 $153.89,,$13.09 - $153.89,Botanicare CNS17 Ripe 2.5 Gal 1-5-4 BCNCNSR2.5,https://www.walmart.com/ip/Botanicare-CNS17-Ripe-2-5-Gal-1-5-4-BCNCNSR2-5/195067772
$13.64,,,Phat Pre-Filter 24x10,https://www.walmart.com/ip/Phat-Pre-Filter-24x10/867016320
$13.64,,,Phat Pre-Filter 20x12,https://www.walmart.com/ip/Phat-Pre-Filter-20x12/863781931
$13.64,,,"Active Air Pre-Filter for ACCF398, 8"" x 39""",https://www.walmart.com/ip/Active-Air-Pre-Filter-for-ACCF398-8-x-39/173402005
$14.24 $19.36,,,Urban Farm Fertilizers Garden of Eden Bloom Nutrient  ...,https://www.walmart.com/ip/Urban-Farm-Fertilizers-Garden-of-Eden-Bloom-Nutrient-For-Hydrponics/138385832
$14.69,,,Phat Pre-Filter 39x8,https://www.walmart.com/ip/Phat-Pre-Filter-39x8/885345134
$14.98 $62.92,"Average rating:5out of5stars, based on1reviews1ratings Average rating:5out of5stars, based on1reviews1ratings",,LED Plant Grow Light E27 Hydroponics For Indoor Gree  ...,https://www.walmart.com/ip/LED-Plant-Grow-Light-E27-Hydroponics-For-Indoor-Greenhouse-Flower-Grow-Box/700442166
$12.59,,,"Active Air Pre-Filter for ACCF248, 8"" x 24""",https://www.walmart.com/ip/Active-Air-Pre-Filter-for-ACCF248-8-x-24/151903296
$13.09 $153.89,,$13.09 - $153.89,Botanicare CNS17 Ripe 2.5 Gal 1-5-4 BCNCNSR2.5,https://www.walmart.com/ip/Botanicare-CNS17-Ripe-2-5-Gal-1-5-4-BCNCNSR2-5/195067772
$13.64,,,Phat Pre-Filter 24x10,https://www.walmart.com/ip/Phat-Pre-Filter-24x10/867016320
$13.64,,,Phat Pre-Filter 20x12,https://www.walmart.com/ip/Phat-Pre-Filter-20x12/863781931
$13.64,,,"Active Air Pre-Filter for ACCF398, 8"" x 39""",https://www.walmart.com/ip/Active-Air-Pre-Filter-for-ACCF398-8-x-39/173402005
$14.24 $19.36,,,Urban Farm Fertilizers Garden of Eden Bloom Nutrient  ...,https://www.walmart.com/ip/Urban-Farm-Fertilizers-Garden-of-Eden-Bloom-Nutrient-For-Hydrponics/138385832
$14.69,,,Phat Pre-Filter 39x8,https://www.walmart.com/ip/Phat-Pre-Filter-39x8/885345134
$14.98 $62.92,"Average rating:5out of5stars, based on1reviews1ratings Average rating:5out of5stars, based on1reviews1ratings",,LED Plant Grow Light E27 Hydroponics For Indoor Gree  ...,https://www.walmart.com/ip/LED-Plant-Grow-Light-E27-Hydroponics-For-Indoor-Greenhouse-Flower-Grow-Box/700442166
$14.99 $21.99,"Average rating:5out of5stars, based on4reviews4ratings Average rating:5out of5stars, based on4reviews4ratings",,OxyLED Solar Powered Landscape Lights for Yard Garde  ...,https://www.walmart.com/ip/OxyLED-Solar-Powered-Landscape-Lights-for-Yard-Garden-Walkways/197900975
$15.17,,,RAB Lighting TURTLE IN USE COVER VERDE GREEN,https://www.walmart.com/ip/RAB-Lighting-TURTLE-IN-USE-COVER-VERDE-GREEN/177810892
$15.74,,,"Active Air Pre-Filter for ACCF3910, 10"" x 39""",https://www.walmart.com/ip/Active-Air-Pre-Filter-for-ACCF3910-10-x-39/192740800
$15.74,,,Sunburst Lens System,https://www.walmart.com/ip/Sunburst-Lens-System/17434951
$15.77,,,ANCHOR 11009 10'X16' POLY TARP WOVEN LAMIN,https://www.walmart.com/ip/ANCHOR-11009-10-X16-POLY-TARP-WOVEN-LAMIN/35827091
$15.93 $23.22,,,BLOOM 32OZ,https://www.walmart.com/ip/BLOOM-32OZ/188952189
$16.79,,,Phat Pre-Filter 39x10,https://www.walmart.com/ip/Phat-Pre-Filter-39x10/827716975
$16.79,,,"Active Air Pre-Filter for ACCF3912, 12"" x 39""",https://www.walmart.com/ip/Active-Air-Pre-Filter-for-ACCF3912-12-x-39/130119677
$17.84,,,Phat Pre-Filter 39x12,https://www.walmart.com/ip/Phat-Pre-Filter-39x12/541787976
$17.87,,,Hydro Organics HOJ03810 1-Pint Hydro Organics Earth   ...,https://www.walmart.com/ip/Hydro-Organics-HOJ03810-1-Pint-Hydro-Organics-Earth-Juice-Assist-Plant-Supplement/33676144
$17.99 $29.99,,,Hydrofarm 2' Aluminum Stand Extension Kit For Jump S  ...,https://www.walmart.com/ip/Hydrofarm-2-Aluminum-Stand-Extension-Kit-For-Jump-Start-Light-Stand-JSSTEX1/53973153
$17.99 $37.99,,,"Light Rail 3.0, 3.5 & 4.0 Wheel Slave Auxiliary Trol  ...",https://www.walmart.com/ip/Light-Rail-3-0-3-5-4-0-Wheel-Slave-Auxiliary-Trolley-for-Add-A-Lamp-Kit/44698292
$17.99,,,General Organics BioRoot Gal. GH5323,https://www.walmart.com/ip/General-Organics-BioRoot-Gal-GH5323/135822497
$18.49 $24.99,,,Educational Insights Hydroponics Lab,https://www.walmart.com/ip/Educational-Insights-Hydroponics-Lab/21931433
$18.89 $26.45,,,Horticulture Indoor Hydroponics Grow Room & Greenhou  ...,https://www.walmart.com/ip/Horticulture-Indoor-Hydroponics-Grow-Room-Greenhouse-Light-Glasses-Goggles-Anti-UV-Ultra-Violet-HPS-MH-Lights-Reflection-Glare-Optical-Protection-Thi/443103757
$18.99 $84.99,,,Kessil 24-inch Hydroponic Gooseneck LED Light Mounti  ...,https://www.walmart.com/ip/Kessil-24-inch-Hydroponic-Gooseneck-LED-Light-Mounting-for-H150-H350-KSH350G/49691375
$19.23,,,BUSH DOCTOR SLEDGEHAMMER,https://www.walmart.com/ip/BUSH-DOCTOR-SLEDGEHAMMER/170138164
$19.35,,,Miracle-Gro AeroGarden Fresh Tea 7-Pod Seed Kit,https://www.walmart.com/ip/Miracle-Gro-AeroGarden-Fresh-Tea-7-Pod-Seed-Kit/36855638
$19.76 $29.87,,,GROW 32OZ,https://www.walmart.com/ip/GROW-32OZ/132643115
$19.91,,,"HQRP New Square 12"" LED Grow Light System 225 Blue L  ...",https://www.walmart.com/ip/HQRP-New-Square-12-LED-Grow-Light-System-225-Blue-LED-14W-Hanging-Kit-UV-Meter/170009467
$19.99 $38.99,,,Virtual Sun 600W MH Metal Halide Grow Lamp Light Bul  ...,https://www.walmart.com/ip/Virtual-Sun-600W-MH-Metal-Halide-Grow-Lamp-Light-Bulb-600-Watt/41864007
$19.99,,,Hydrofarm MY1M25 25' X 4-1/2' 1 Ml Reflective Metali  ...,https://www.walmart.com/ip/Hydrofarm-MY1M25-25-X-4-1-2-1-Ml-Reflective-Metalized-Film/17435003
$20.08,,,ANCHOR 11027 12'X20' POLY TARP WOVEN LAMIN,https://www.walmart.com/ip/ANCHOR-11027-12-X20-POLY-TARP-WOVEN-LAMIN/26593356
$21.10 $28.62,,,Urban Farm Fertilizers GE64 Garden of Eden 64 Fl. Oz  ...,https://www.walmart.com/ip/Urban-Farm-Fertilizers-GE64-Garden-of-Eden-64-Fl-Oz-Nutrient-For-Hydrponics/180646293
$21.79 $30.51,,,"Stealth RO replacement carbon filter, Stealth RO rep  ...",https://www.walmart.com/ip/Stealth-RO-replacement-carbon-filter-Stealth-RO-replacement-carbon-filter-By-HydroLogic/107036752
$21.99,,,Hydro Organics HOJ07501 1-Pint Hydro Organics Earth   ...,https://www.walmart.com/ip/Hydro-Organics-HOJ07501-1-Pint-Hydro-Organics-Earth-Juice-Microblast-Plant-Supplement/37139261
$22.55,,,Rx Green Solutions RXGBLM32 Bloom Hydroponic Plant N  ...,https://www.walmart.com/ip/Rx-Green-Solutions-RXGBLM32-Bloom-Hydroponic-Plant-Nutrient-0-4-2-32-oz/47647232
$22.99 $35.99,,,Virtual Sun 400W HPS High Pressure Sodium Grow Lamp   ...,https://www.walmart.com/ip/Virtual-Sun-400W-HPS-High-Pressure-Sodium-Grow-Lamp-Light-Bulb-400-Watt/45996132
$23.29 $46.99,,,Unique Bargains 2Set Brass Finish Bottle Lamp Adapte  ...,https://www.walmart.com/ip/Unique-Bargains-2Set-Brass-Finish-Bottle-Lamp-Adapter-Kit-w-Rubber-Adaptors-and-US-Plug-8ft-Cord/297275920
$23.91 $32.41,,,UltimateSurv 20-5010-01 UST BASE All Weather Tarp,https://www.walmart.com/ip/UltimateSurv-20-5010-01-UST-BASE-All-Weather-Tarp/123543527
$23.99 $96.40,,$23.99 - $96.40,Botanicare Fulvex Qt BCNSFXQT,https://www.walmart.com/ip/Botanicare-Fulvex-Qt-BCNSFXQT/17435110
$21.16,"Average rating:5out of5stars, based on1reviews1ratings Average rating:5out of5stars, based on1reviews1ratings",,6 Layer Dry Rack Folding Mesh for Laundry Clothes Or  ...,https://www.walmart.com/ip/6-Layer-Dry-Rack-Folding-Mesh-for-Laundry-Clothes-Organizers-Hydroponic-Plants-Drying-Hangers-Army-green/925504559
$27.49 $38.49,,,"W1053 Grounding Kit for Dust Collection Systems, Gro  ...",https://www.walmart.com/ip/W1053-Grounding-Kit-for-Dust-Collection-Systems-Grounding-kit-By-Woodstock/340664553
$27.99 $73.99,,,(2) HYDROFARM Active Aqua 160 GPH Submersible Hydrop  ...,https://www.walmart.com/ip/2-HYDROFARM-Active-Aqua-160-GPH-Submersible-Hydroponics-Aquarium-Water-Pumps/40590974
$27.99 $39.99,,$27.99 - $39.99,EZ-Clone Clear REZ Solution,https://www.walmart.com/ip/EZ-Clone-Clear-REZ-Solution/28875789
$28.40 $68.60,,$28.40 - $68.60,SunBlaster Nano Dome Propagation Combo Kit,https://www.walmart.com/ip/SunBlaster-Nano-Dome-Propagation-Combo-Kit/499878666
$28.94,"Average rating:5out of5stars, based on2reviews2ratings Average rating:5out of5stars, based on2reviews2ratings",,GENERAL HYDROPONICS (1) Gallon of FloraBloom Liquid   ...,https://www.walmart.com/ip/GENERAL-HYDROPONICS-1-Gallon-of-FloraBloom-Liquid-Plant-Grow-Formula-GH1433/39403810
$29.36,,,FoxFarm Light Warrior Soilless Seed Germinator Start  ...,https://www.walmart.com/ip/FoxFarm-Light-Warrior-Soilless-Seed-Germinator-Starter-Mix-26-Quarts-FX14023/20594701
$29.98,,,Technaflora B.C. Boost TFBCBST1L Hydroponic Garden F  ...,https://www.walmart.com/ip/Technaflora-B-C-Boost-TFBCBST1L-Hydroponic-Garden-Fertilizer-Nutrients-1L/49594054
$30.00,,,"DONALDSON P532502 AIR FILTER, SAFETY RADIALSEAL",https://www.walmart.com/ip/DONALDSON-P532502-AIR-FILTER-SAFETY-RADIALSEAL/288651367
$31.00,,,ORCA OR6000 Hydroponics Indoor Garden Grow Film Micr  ...,https://www.walmart.com/ip/ORCA-OR6000-Hydroponics-Indoor-Garden-Grow-Film-Microfiber-Seam-Tape-2-5-x-75/49603578
$31.48,,,pH Tester With 1 Point Manual Calibration,https://www.walmart.com/ip/pH-Tester-With-1-Point-Manual-Calibration/24809592
$31.95,,,Light Rail Robo Stik Horizontal Hanger Reflector Gro  ...,https://www.walmart.com/ip/Light-Rail-Robo-Stik-Horizontal-Hanger-Reflector-Grow-Lamp-Stabilizer-Bar/39403796
$32.99,,,General Hydroponics (1) Gallon of FloraMicro Liquid   ...,https://www.walmart.com/ip/General-Hydroponics-1-Gallon-of-FloraMicro-Liquid-Plant-Grow-Formula-GH1413/39403677
$33.17,,,"Expansion Burner, NG #67, Alt. 3500-6500ft",https://www.walmart.com/ip/Expansion-Burner-NG-67-Alt-3500-6500ft/142670158
$33.45,,,"HYDROFARM FX14026 Foxfarm 1 lb, Open Sesame, Soluble  ...",https://www.walmart.com/ip/HYDROFARM-FX14026-Foxfarm-1-lb-Open-Sesame-Soluble-Fertilizer/54998356
$34.09,,,OPEN SESAME WATER SOLUBLE FERTILIZER,https://www.walmart.com/ip/OPEN-SESAME-WATER-SOLUBLE-FERTILIZER/17435057
$35.99 $49.45,,$35.99 - $49.45,"Hydroponics 4"" Inline Fan Blower Silencer Duct Muffl  ...",https://www.walmart.com/ip/Hydroponics-4-Inline-Fan-Blower-Silencer-Duct-Muffler-Noise-Reducer-for-Grow-Tent-System/543091674
$37.09,,,"Hydrofarm FX14028 Foxfarm, lb, Beastie Bloomz, Solub  ...",https://www.walmart.com/ip/Hydrofarm-FX14028-Foxfarm-lb-Beastie-Bloomz-Soluble-Fertilizer/54998357
$37.99 $41.99,,,Hydrofarm Frosted Fluorescent Light Bulb,https://www.walmart.com/ip/Hydrofarm-Frosted-Fluorescent-Light-Bulb/24774330
$38.83,,,"Tappin Roots Natural All Stages Plant Fertilizer, Qu  ...",https://www.walmart.com/ip/Tappin-Roots-Natural-All-Stages-Plant-Fertilizer-Quart/54890640
$39.99 $79.99,,,"(2) HYDROFARM ACFC6 Active Air 6"" Clip On Office Kit  ...",https://www.walmart.com/ip/2-HYDROFARM-ACFC6-Active-Air-6-Clip-On-Office-Kitchen-Hydroponics-Grow-Fans/155149573
$40.15 $59.99,,,"Ktaxon 24""x 24""x48""New Grow Tent 100% Reflective Myl  ...",https://www.walmart.com/ip/Ktaxon-24-x-24-x48-New-Grow-Tent-100-Reflective-Mylar-Hydroponics-Indoor-Gardening/226186817
$41.87 $58.74,,,GROW 128OZ,https://www.walmart.com/ip/GROW-128OZ/134496152
$42.57,,,40*40*120CM Indoor Plant Grow Tent Reflective Mylar   ...,https://www.walmart.com/ip/40-40-120CM-Indoor-Plant-Grow-Tent-Reflective-Mylar-Hydroponic-Grow-Room/506685607
$42.57,,,40*40*120CM Indoor Plant Grow Tent Reflective Mylar   ...,https://www.walmart.com/ip/40-40-120CM-Indoor-Plant-Grow-Tent-Reflective-Mylar-Hydroponic-Grow-Room-Black/126133593
$43.06 $64.99,,,Hydrofarm GCSB Hydroponic Salad Garden Kit,https://www.walmart.com/ip/Hydrofarm-GCSB-Hydroponic-Salad-Garden-Kit/165238108
$44.33,,,"Scotts Growing Media SLPM15IN1501 Potting Media Mix,  ...",https://www.walmart.com/ip/Scotts-Growing-Media-SLPM15IN1501-Potting-Media-Mix-1-5-Cu-Ft/40235438
$45.00,,,"Sun Blaster 0900303 3' 39W 6,400 KSunBlaster NanoTec  ...",https://www.walmart.com/ip/Sun-Blaster-0900303-3-39W-6-400-KSunBlaster-NanoTech-T5-HO-Fixture-Kit/49661237
$45.99 $64.99,"Average rating:5out of5stars, based on1reviews1ratings Average rating:5out of5stars, based on1reviews1ratings",,(2) Hydrofarm Jump Start Soil 12 Foot Heating Cables  ...,https://www.walmart.com/ip/2-Hydrofarm-Jump-Start-Soil-12-Foot-Heating-Cables-w-Thermostat-JSHC12/713936556
$48.99 $69.99,,,Sunblaster T5HO 54W 6400K Light Combo Reflector w/ N  ...,https://www.walmart.com/ip/Sunblaster-T5HO-54W-6400K-Light-Combo-Reflector-w-Nanotech-4-Foot-SL0900304/309690330
$50.35 $79.99,"Average rating:4.5out of5stars, based on2reviews2ratings Average rating:4.5out of5stars, based on2reviews2ratings",,Zimtown Grow Tent 100% Reflective Mylar Hydroponic f  ...,https://www.walmart.com/ip/Zimtown-Grow-Tent-100-Reflective-Mylar-Hydroponic-for-Indoor-Plant-Grow-Hut-48-X-24-X-24/540313755
$50.35,"Average rating:4out of5stars, based on1reviews1ratings Average rating:4out of5stars, based on1reviews1ratings",,Ktaxon Indoor Grow Tent Room Reflective Hydroponic N  ...,https://www.walmart.com/ip/Ktaxon-Indoor-Grow-Tent-Room-Reflective-Hydroponic-Non-Toxic-Clone-Hut-24-X24-X48/134284152
$50.35 $79.99,,,"Zimtown 48""x24""x24"" Mylar Hydroponic Grow Tent Water  ...",https://www.walmart.com/ip/Zimtown-48-x24-x24-Mylar-Hydroponic-Grow-Tent-Water-Resistant-Grow-Tent-for-Indoor-Plant-Growing/126528196
$51.57,,,Syndicate Home & Garden 6705-01-58 Hydroponic Bucket  ...,https://www.walmart.com/ip/Syndicate-Home-Garden-6705-01-58-Hydroponic-Bucket-System-Self-Watering-5-Gals/47652481
$51.89 $64.99,,,Hanna Instruments Primo TDS Tester w/Batteries & Aut  ...,https://www.walmart.com/ip/Hanna-Instruments-Primo-TDS-Tester-w-Batteries-Auto-Calibration-0-1999-PPM/49843801
$52.00,,,60 x 60 x 120cm Home Use Dismountable Hydroponic Pla  ...,https://www.walmart.com/ip/60-x-60-x-120cm-Home-Use-Dismountable-Hydroponic-Plant-Grow-Tent-VANDERLIFE/455339764
$52.86 $79.99,,,"Ktaxon 32""x 32""x 64"" New Grow Tent 100% Reflective M  ...",https://www.walmart.com/ip/Ktaxon-32-x-32-x-64-New-Grow-Tent-100-Reflective-Mylar-Hydroponics-Indoor-Gardening-with-Window/216405959
$54.21,,,"NEW! HYDROFARM ACFB8 Active Air 8"" Hydroponics Inlin  ...",https://www.walmart.com/ip/NEW-HYDROFARM-ACFB8-Active-Air-8-Hydroponics-Inline-Duct-Booster-Fan-471-CFM/20594818
$54.95,,,Hydrofarm Frosted Fluorescent Light Bulb,https://www.walmart.com/ip/Hydrofarm-Frosted-Fluorescent-Light-Bulb/24774331
$54.99 $79.99,,,Hanna Instruments LCD pHep PH Tester Meter w/ Renewa  ...,https://www.walmart.com/ip/Hanna-Instruments-LCD-pHep-PH-Tester-Meter-w-Renewable-Cloth-Junction-HI98107/51741760
$55.72 $60.16,"Average rating:4out of5stars, based on4reviews4ratings Average rating:4out of5stars, based on4reviews4ratings",,Hydrofarm WaterFarm Complete,https://www.walmart.com/ip/Hydrofarm-WaterFarm-Complete/24774302