DetailValue,DetailType,Success,source_product_title,source_JobURL
Brand,Panacea Products,Succeeded,PLANT STAND WITH FINIAL,https://www.walmart.com/ip/PLANT-STAND-WITH-FINIAL/23037426
Material,Metal,Succeeded,PLANT STAND WITH FINIAL,https://www.walmart.com/ip/PLANT-STAND-WITH-FINIAL/23037426
Color,Multicolor,Succeeded,PLANT STAND WITH FINIAL,https://www.walmart.com/ip/PLANT-STAND-WITH-FINIAL/23037426
Manufacturer Part Number,89174,Succeeded,PLANT STAND WITH FINIAL,https://www.walmart.com/ip/PLANT-STAND-WITH-FINIAL/23037426
Assembled Product Weight,2.5 Pounds,Succeeded,PLANT STAND WITH FINIAL,https://www.walmart.com/ip/PLANT-STAND-WITH-FINIAL/23037426
Assembled Product Dimensions (L x W x H),9.50 x 10.00 x 9.50 Inches,Succeeded,PLANT STAND WITH FINIAL,https://www.walmart.com/ip/PLANT-STAND-WITH-FINIAL/23037426
Features,"Forge 24"" Wall Trough with coco liner. Heavy duty steel with black PVC coating - Black.",Succeeded,Gardman Forge Wall Trough Planter,https://www.walmart.com/ip/Gardman-Forge-Wall-Trough-Planter/23143045
Material,Steel,Succeeded,Gardman Forge Wall Trough Planter,https://www.walmart.com/ip/Gardman-Forge-Wall-Trough-Planter/23143045
Model,R942,Succeeded,Gardman Forge Wall Trough Planter,https://www.walmart.com/ip/Gardman-Forge-Wall-Trough-Planter/23143045
Color,Brown,Succeeded,Gardman Forge Wall Trough Planter,https://www.walmart.com/ip/Gardman-Forge-Wall-Trough-Planter/23143045
Brand,Gardman,Succeeded,Gardman Forge Wall Trough Planter,https://www.walmart.com/ip/Gardman-Forge-Wall-Trough-Planter/23143045
Manufacturer Part Number,R942,Succeeded,Gardman Forge Wall Trough Planter,https://www.walmart.com/ip/Gardman-Forge-Wall-Trough-Planter/23143045
Size,S,Succeeded,Gardman Forge Wall Trough Planter,https://www.walmart.com/ip/Gardman-Forge-Wall-Trough-Planter/23143045
Assembled Product Weight,7.03 Pounds,Succeeded,Gardman Forge Wall Trough Planter,https://www.walmart.com/ip/Gardman-Forge-Wall-Trough-Planter/23143045
Recommended Use,Garden,Succeeded,Gardman Forge Wall Trough Planter,https://www.walmart.com/ip/Gardman-Forge-Wall-Trough-Planter/23143045
Brand,Stratco,Succeeded,Raised Garden Bed Beige,https://www.walmart.com/ip/Raised-Garden-Bed-Beige/932891340
Color,Beige,Succeeded,Raised Garden Bed Beige,https://www.walmart.com/ip/Raised-Garden-Bed-Beige/932891340
Shape,Rectangle,Succeeded,Raised Garden Bed Beige,https://www.walmart.com/ip/Raised-Garden-Bed-Beige/932891340
Manufacturer Part Number,LG-18294,Succeeded,Raised Garden Bed Beige,https://www.walmart.com/ip/Raised-Garden-Bed-Beige/932891340
Assembled Product Weight,11 oz,Succeeded,Raised Garden Bed Beige,https://www.walmart.com/ip/Raised-Garden-Bed-Beige/932891340
Assembled Product Dimensions (L x W x H),46.00 x 35.00 x 12.00 Inches,Succeeded,Raised Garden Bed Beige,https://www.walmart.com/ip/Raised-Garden-Bed-Beige/932891340
Features,It can hold a pot or bowl measuring in 13cm height and 20cm diameter,Succeeded,42'' Jute Macrame Plant Hanger Pot Holder Basket Wit  ...,https://www.walmart.com/ip/42-Jute-Macrame-Plant-Hanger-Pot-Holder-Basket-With-Hanging-Ring-Beads-Indoor-Outdoor-Decorative-Flower-107cm-Home-Garden/790587438
Material,Jute,Succeeded,42'' Jute Macrame Plant Hanger Pot Holder Basket Wit  ...,https://www.walmart.com/ip/42-Jute-Macrame-Plant-Hanger-Pot-Holder-Basket-With-Hanging-Ring-Beads-Indoor-Outdoor-Decorative-Flower-107cm-Home-Garden/790587438
Brand,Generic,Succeeded,42'' Jute Macrame Plant Hanger Pot Holder Basket Wit  ...,https://www.walmart.com/ip/42-Jute-Macrame-Plant-Hanger-Pot-Holder-Basket-With-Hanging-Ring-Beads-Indoor-Outdoor-Decorative-Flower-107cm-Home-Garden/790587438
Brand,Greenes,Succeeded,"Greenes Fence 48"" x 96"" x 17.5"" Cedar Raised Garden   ...",https://www.walmart.com/ip/Greenes-Fence-48-x-96-x-17-5-Cedar-Raised-Garden-Bed/54573312
Material,Wood,Succeeded,"Greenes Fence 48"" x 96"" x 17.5"" Cedar Raised Garden   ...",https://www.walmart.com/ip/Greenes-Fence-48-x-96-x-17-5-Cedar-Raised-Garden-Bed/54573312
Color,Brown,Succeeded,"Greenes Fence 48"" x 96"" x 17.5"" Cedar Raised Garden   ...",https://www.walmart.com/ip/Greenes-Fence-48-x-96-x-17-5-Cedar-Raised-Garden-Bed/54573312
Manufacturer Part Number,RC6S6T35B,Succeeded,"Greenes Fence 48"" x 96"" x 17.5"" Cedar Raised Garden   ...",https://www.walmart.com/ip/Greenes-Fence-48-x-96-x-17-5-Cedar-Raised-Garden-Bed/54573312
Assembled Product Dimensions (L x W x H),96.00 x 48.00 x 17.50 Inches,Succeeded,"Greenes Fence 48"" x 96"" x 17.5"" Cedar Raised Garden   ...",https://www.walmart.com/ip/Greenes-Fence-48-x-96-x-17-5-Cedar-Raised-Garden-Bed/54573312
Material,Lightweight Fiber Clay,Succeeded,Austram Nile Round Indoor/Outdoor Planter,https://www.walmart.com/ip/Austram-Nile-Round-Indoor-Outdoor-Planter/51801863
Model,820148,Succeeded,Austram Nile Round Indoor/Outdoor Planter,https://www.walmart.com/ip/Austram-Nile-Round-Indoor-Outdoor-Planter/51801863
Brand,Austram,Succeeded,Austram Nile Round Indoor/Outdoor Planter,https://www.walmart.com/ip/Austram-Nile-Round-Indoor-Outdoor-Planter/51801863
Manufacturer Part Number,820148,Succeeded,Austram Nile Round Indoor/Outdoor Planter,https://www.walmart.com/ip/Austram-Nile-Round-Indoor-Outdoor-Planter/51801863
Shape,Round,Succeeded,Austram Nile Round Indoor/Outdoor Planter,https://www.walmart.com/ip/Austram-Nile-Round-Indoor-Outdoor-Planter/51801863
Assembled Product Weight,1.5 Pounds,Succeeded,Austram Nile Round Indoor/Outdoor Planter,https://www.walmart.com/ip/Austram-Nile-Round-Indoor-Outdoor-Planter/51801863
Recommended Use,Outdoor,Succeeded,Austram Nile Round Indoor/Outdoor Planter,https://www.walmart.com/ip/Austram-Nile-Round-Indoor-Outdoor-Planter/51801863
Material,Plastic,Succeeded,2 Pack of 7 Inch Flat Gray Plastic Self Watering Fla  ...,https://www.walmart.com/ip/2-Pack-of-7-Inch-Flat-Gray-Plastic-Self-Watering-Flare-Flower-Pot-or-Garden-Planter/289471650
Model,SW-F-FG-7-2PK,Succeeded,2 Pack of 7 Inch Flat Gray Plastic Self Watering Fla  ...,https://www.walmart.com/ip/2-Pack-of-7-Inch-Flat-Gray-Plastic-Self-Watering-Flare-Flower-Pot-or-Garden-Planter/289471650
Color,Flat Gray,Succeeded,2 Pack of 7 Inch Flat Gray Plastic Self Watering Fla  ...,https://www.walmart.com/ip/2-Pack-of-7-Inch-Flat-Gray-Plastic-Self-Watering-Flare-Flower-Pot-or-Garden-Planter/289471650
Brand,HowPlumb,Succeeded,2 Pack of 7 Inch Flat Gray Plastic Self Watering Fla  ...,https://www.walmart.com/ip/2-Pack-of-7-Inch-Flat-Gray-Plastic-Self-Watering-Flare-Flower-Pot-or-Garden-Planter/289471650
Manufacturer Part Number,SW-F-FG-7-2PK,Succeeded,2 Pack of 7 Inch Flat Gray Plastic Self Watering Fla  ...,https://www.walmart.com/ip/2-Pack-of-7-Inch-Flat-Gray-Plastic-Self-Watering-Flare-Flower-Pot-or-Garden-Planter/289471650
Brand,Southern Patio,Succeeded,"Southern Patio CF-029823 Hanging Planters, Lattice B  ...",https://www.walmart.com/ip/Southern-Patio-CF-029823-Hanging-Planters-Lattice-Basket-12-x-7-In/49243481
Color,Multicolor,Succeeded,"Southern Patio CF-029823 Hanging Planters, Lattice B  ...",https://www.walmart.com/ip/Southern-Patio-CF-029823-Hanging-Planters-Lattice-Basket-12-x-7-In/49243481
manufacturer_part_number,cf-029823,Succeeded,"Southern Patio CF-029823 Hanging Planters, Lattice B  ...",https://www.walmart.com/ip/Southern-Patio-CF-029823-Hanging-Planters-Lattice-Basket-12-x-7-In/49243481
Assembled Product Weight,0.57 Ounces,Succeeded,"Southern Patio CF-029823 Hanging Planters, Lattice B  ...",https://www.walmart.com/ip/Southern-Patio-CF-029823-Hanging-Planters-Lattice-Basket-12-x-7-In/49243481
Assembled Product Dimensions (L x W x H),14.00 x 14.00 x 14.00 Inches,Succeeded,"Southern Patio CF-029823 Hanging Planters, Lattice B  ...",https://www.walmart.com/ip/Southern-Patio-CF-029823-Hanging-Planters-Lattice-Basket-12-x-7-In/49243481
Features,Easy Storage after season,Succeeded,Rectangle Galvanized Metal Planters with Stands (Set  ...,https://www.walmart.com/ip/Rectangle-Galvanized-Metal-Planters-with-Stands-Set-of-2/412595010
Material,IRON 100%,Succeeded,Rectangle Galvanized Metal Planters with Stands (Set  ...,https://www.walmart.com/ip/Rectangle-Galvanized-Metal-Planters-with-Stands-Set-of-2/412595010
Model,2342320EC,Succeeded,Rectangle Galvanized Metal Planters with Stands (Set  ...,https://www.walmart.com/ip/Rectangle-Galvanized-Metal-Planters-with-Stands-Set-of-2/412595010
Color,Silver,Succeeded,Rectangle Galvanized Metal Planters with Stands (Set  ...,https://www.walmart.com/ip/Rectangle-Galvanized-Metal-Planters-with-Stands-Set-of-2/412595010
Brand,Gerson Company,Succeeded,Rectangle Galvanized Metal Planters with Stands (Set  ...,https://www.walmart.com/ip/Rectangle-Galvanized-Metal-Planters-with-Stands-Set-of-2/412595010
Manufacturer Part Number,2342320EC,Succeeded,Rectangle Galvanized Metal Planters with Stands (Set  ...,https://www.walmart.com/ip/Rectangle-Galvanized-Metal-Planters-with-Stands-Set-of-2/412595010
Size,28.93X13.18X30.91,Succeeded,Rectangle Galvanized Metal Planters with Stands (Set  ...,https://www.walmart.com/ip/Rectangle-Galvanized-Metal-Planters-with-Stands-Set-of-2/412595010
Assembled Product Dimensions (L x W x H),27.16 x 13.77 x 14.17 Inches,Succeeded,Rectangle Galvanized Metal Planters with Stands (Set  ...,https://www.walmart.com/ip/Rectangle-Galvanized-Metal-Planters-with-Stands-Set-of-2/412595010
Brand,Better Homes & Gardens,Succeeded,"Better Homes and Gardens Monteverde Outdoor Planter,  ...",https://www.walmart.com/ip/Better-Homes-and-Gardens-Monteverde-Outdoor-Planter-Multiple-Sizes/13072115
Shape,Round,Succeeded,"Better Homes and Gardens Monteverde Outdoor Planter,  ...",https://www.walmart.com/ip/Better-Homes-and-Gardens-Monteverde-Outdoor-Planter-Multiple-Sizes/13072115
Assembled Product Dimensions (L x W x H),15.50 x 15.50 x 12.50 Inches,Succeeded,"Better Homes and Gardens Monteverde Outdoor Planter,  ...",https://www.walmart.com/ip/Better-Homes-and-Gardens-Monteverde-Outdoor-Planter-Multiple-Sizes/13072115
Condition,New,Succeeded,THY COLLECTIBLES Hand-Weaved Macrame Plant Hanger In  ...,https://www.walmart.com/ip/THY-COLLECTIBLES-Hand-Weaved-Macrame-Plant-Hanger-Indoor-Outdoor-Hanging-Planter-Basket-Cotton-Rope-4-Legs-Beaded-Creamy-White-32-Length/160260147
Brand,Thy Trading,Succeeded,THY COLLECTIBLES Hand-Weaved Macrame Plant Hanger In  ...,https://www.walmart.com/ip/THY-COLLECTIBLES-Hand-Weaved-Macrame-Plant-Hanger-Indoor-Outdoor-Hanging-Planter-Basket-Cotton-Rope-4-Legs-Beaded-Creamy-White-32-Length/160260147
Brand,Greenes,Succeeded,"Greenes Fence 2' x 4' x 10.5"" Cedar Raised Garden Be  ...",https://www.walmart.com/ip/Greenes-Fence-2-x-4-x-10-5-Cedar-Raised-Garden-Bed/48569362
Material,Wood,Succeeded,"Greenes Fence 2' x 4' x 10.5"" Cedar Raised Garden Be  ...",https://www.walmart.com/ip/Greenes-Fence-2-x-4-x-10-5-Cedar-Raised-Garden-Bed/48569362
Color,Brown,Succeeded,"Greenes Fence 2' x 4' x 10.5"" Cedar Raised Garden Be  ...",https://www.walmart.com/ip/Greenes-Fence-2-x-4-x-10-5-Cedar-Raised-Garden-Bed/48569362
Manufacturer Part Number,RC24484T,Succeeded,"Greenes Fence 2' x 4' x 10.5"" Cedar Raised Garden Be  ...",https://www.walmart.com/ip/Greenes-Fence-2-x-4-x-10-5-Cedar-Raised-Garden-Bed/48569362
Assembled Product Dimensions (L x W x H),48.00 x 24.00 x 10.50 Inches,Succeeded,"Greenes Fence 2' x 4' x 10.5"" Cedar Raised Garden Be  ...",https://www.walmart.com/ip/Greenes-Fence-2-x-4-x-10-5-Cedar-Raised-Garden-Bed/48569362
Condition,New,Succeeded,Att Southern HW1224WH 12-Inch White Hanging Basket P  ...,https://www.walmart.com/ip/Att-Southern-HW1224WH-12-Inch-White-Hanging-Basket-Planter/47411676
Count,1,Succeeded,Att Southern HW1224WH 12-Inch White Hanging Basket P  ...,https://www.walmart.com/ip/Att-Southern-HW1224WH-12-Inch-White-Hanging-Basket-Planter/47411676
Manufacturer Part Number,HW1224WH,Succeeded,Att Southern HW1224WH 12-Inch White Hanging Basket P  ...,https://www.walmart.com/ip/Att-Southern-HW1224WH-12-Inch-White-Hanging-Basket-Planter/47411676
Color,Multicolor,Succeeded,Att Southern HW1224WH 12-Inch White Hanging Basket P  ...,https://www.walmart.com/ip/Att-Southern-HW1224WH-12-Inch-White-Hanging-Basket-Planter/47411676
Model,HW1224WH,Succeeded,Att Southern HW1224WH 12-Inch White Hanging Basket P  ...,https://www.walmart.com/ip/Att-Southern-HW1224WH-12-Inch-White-Hanging-Basket-Planter/47411676
Brand,ATT SOUTHERN INC,Succeeded,Att Southern HW1224WH 12-Inch White Hanging Basket P  ...,https://www.walmart.com/ip/Att-Southern-HW1224WH-12-Inch-White-Hanging-Basket-Planter/47411676
Assembled Product Weight,0.74 Pounds,Succeeded,Att Southern HW1224WH 12-Inch White Hanging Basket P  ...,https://www.walmart.com/ip/Att-Southern-HW1224WH-12-Inch-White-Hanging-Basket-Planter/47411676
Features,"Washable, Removable",Succeeded,CobraCo Open-End Adjustable Black Flower Box Holder,https://www.walmart.com/ip/CobraCo-Open-End-Adjustable-Black-Flower-Box-Holder/28761787
Brand,CobraCo,Succeeded,CobraCo Open-End Adjustable Black Flower Box Holder,https://www.walmart.com/ip/CobraCo-Open-End-Adjustable-Black-Flower-Box-Holder/28761787
Material,Metal,Succeeded,CobraCo Open-End Adjustable Black Flower Box Holder,https://www.walmart.com/ip/CobraCo-Open-End-Adjustable-Black-Flower-Box-Holder/28761787
Color,Black,Succeeded,CobraCo Open-End Adjustable Black Flower Box Holder,https://www.walmart.com/ip/CobraCo-Open-End-Adjustable-Black-Flower-Box-Holder/28761787
Shape,Rectangle,Succeeded,CobraCo Open-End Adjustable Black Flower Box Holder,https://www.walmart.com/ip/CobraCo-Open-End-Adjustable-Black-Flower-Box-Holder/28761787
Manufacturer Part Number,FOE26-B,Succeeded,CobraCo Open-End Adjustable Black Flower Box Holder,https://www.walmart.com/ip/CobraCo-Open-End-Adjustable-Black-Flower-Box-Holder/28761787
Assembled Product Dimensions (L x W x H),11.00 x 5.75 x 16.50 Inches,Succeeded,CobraCo Open-End Adjustable Black Flower Box Holder,https://www.walmart.com/ip/CobraCo-Open-End-Adjustable-Black-Flower-Box-Holder/28761787
Features,"dimensions: 20.3 inches high x 16.75 inches wide x 16.75 inches deep, neutral colors to match any outdoor decor, materials: quartz stone, sturdy construction, color: antique white, ideal for just decoration or for decorative plants",Succeeded,Best Selling Home Antique Gray Moroccan 20 in. Urn P  ...,https://www.walmart.com/ip/Best-Selling-Home-Antique-Gray-Moroccan-20-in-Urn-Planter/26412605
Brand,Best Selling Home,Succeeded,Best Selling Home Antique Gray Moroccan 20 in. Urn P  ...,https://www.walmart.com/ip/Best-Selling-Home-Antique-Gray-Moroccan-20-in-Urn-Planter/26412605
Material,Stone,Succeeded,Best Selling Home Antique Gray Moroccan 20 in. Urn P  ...,https://www.walmart.com/ip/Best-Selling-Home-Antique-Gray-Moroccan-20-in-Urn-Planter/26412605
Color,White,Succeeded,Best Selling Home Antique Gray Moroccan 20 in. Urn P  ...,https://www.walmart.com/ip/Best-Selling-Home-Antique-Gray-Moroccan-20-in-Urn-Planter/26412605
Shape,Round,Succeeded,Best Selling Home Antique Gray Moroccan 20 in. Urn P  ...,https://www.walmart.com/ip/Best-Selling-Home-Antique-Gray-Moroccan-20-in-Urn-Planter/26412605
Manufacturer Part Number,217266,Succeeded,Best Selling Home Antique Gray Moroccan 20 in. Urn P  ...,https://www.walmart.com/ip/Best-Selling-Home-Antique-Gray-Moroccan-20-in-Urn-Planter/26412605
Assembled Product Dimensions (L x W x H),16.75 x 16.75 x 20.50 Inches,Succeeded,Best Selling Home Antique Gray Moroccan 20 in. Urn P  ...,https://www.walmart.com/ip/Best-Selling-Home-Antique-Gray-Moroccan-20-in-Urn-Planter/26412605
Brand,Suncast,Succeeded,Suncast Willow Resin Wicker Planter - Set of 2,https://www.walmart.com/ip/Suncast-Willow-Resin-Wicker-Planter-Set-of-2/51787816
Material,Resin,Succeeded,Suncast Willow Resin Wicker Planter - Set of 2,https://www.walmart.com/ip/Suncast-Willow-Resin-Wicker-Planter-Set-of-2/51787816
Color,Java,Succeeded,Suncast Willow Resin Wicker Planter - Set of 2,https://www.walmart.com/ip/Suncast-Willow-Resin-Wicker-Planter-Set-of-2/51787816
Manufacturer Part Number,2221WJ2,Succeeded,Suncast Willow Resin Wicker Planter - Set of 2,https://www.walmart.com/ip/Suncast-Willow-Resin-Wicker-Planter-Set-of-2/51787816
Assembled Product Weight,9.5 Pounds,Succeeded,Suncast Willow Resin Wicker Planter - Set of 2,https://www.walmart.com/ip/Suncast-Willow-Resin-Wicker-Planter-Set-of-2/51787816
Brand,Nursery Supplies,Succeeded,NEW! HYDROFARM 3 Gal Premium Poly-Tainer Nursery Gar  ...,https://www.walmart.com/ip/NEW-HYDROFARM-3-Gal-Premium-Poly-Tainer-Nursery-Garden-Planter-Pot-TR50035/49843794
Manufacturer Part Number,TR50035,Succeeded,NEW! HYDROFARM 3 Gal Premium Poly-Tainer Nursery Gar  ...,https://www.walmart.com/ip/NEW-HYDROFARM-3-Gal-Premium-Poly-Tainer-Nursery-Garden-Planter-Pot-TR50035/49843794
Model,10018328,Succeeded,Summerfield Terrace Pink Flamingo Teacup Planter,https://www.walmart.com/ip/Summerfield-Terrace-Pink-Flamingo-Teacup-Planter/800505608
Color,Multicolor,Succeeded,Summerfield Terrace Pink Flamingo Teacup Planter,https://www.walmart.com/ip/Summerfield-Terrace-Pink-Flamingo-Teacup-Planter/800505608
Brand,Summerfield Terrace,Succeeded,Summerfield Terrace Pink Flamingo Teacup Planter,https://www.walmart.com/ip/Summerfield-Terrace-Pink-Flamingo-Teacup-Planter/800505608
Manufacturer Part Number,10018328,Succeeded,Summerfield Terrace Pink Flamingo Teacup Planter,https://www.walmart.com/ip/Summerfield-Terrace-Pink-Flamingo-Teacup-Planter/800505608
Model,331243,Succeeded,GRECIAN URN PLANTER,https://www.walmart.com/ip/GRECIAN-URN-PLANTER/24819811
Color,Multicolor,Succeeded,GRECIAN URN PLANTER,https://www.walmart.com/ip/GRECIAN-URN-PLANTER/24819811
Brand,NOVELTY MFG CO          P,Succeeded,GRECIAN URN PLANTER,https://www.walmart.com/ip/GRECIAN-URN-PLANTER/24819811
manufacturer_part_number,39122,Succeeded,GRECIAN URN PLANTER,https://www.walmart.com/ip/GRECIAN-URN-PLANTER/24819811
Assembled Product Weight,0.65 Pounds,Succeeded,GRECIAN URN PLANTER,https://www.walmart.com/ip/GRECIAN-URN-PLANTER/24819811
Assembled Product Dimensions (L x W x H),12.00 x 12.00 x 10.50 Inches,Succeeded,GRECIAN URN PLANTER,https://www.walmart.com/ip/GRECIAN-URN-PLANTER/24819811
Brand,Dazone,Succeeded,Dazone Metal Cart Flower Rack Display Garden Tree Ho  ...,https://www.walmart.com/ip/Dazone-Metal-Cart-Flower-Rack-Display-Garden-Tree-Home-Decor-Patio-Plant-Stand-Holder/659733500
Brand,Zingz & Thingz,Succeeded,Zingz and Thingz Corner Plant Stand,https://www.walmart.com/ip/Zingz-and-Thingz-Corner-Plant-Stand/49973972
Color,Multicolor,Succeeded,Zingz and Thingz Corner Plant Stand,https://www.walmart.com/ip/Zingz-and-Thingz-Corner-Plant-Stand/49973972
Manufacturer Part Number,57070256,Succeeded,Zingz and Thingz Corner Plant Stand,https://www.walmart.com/ip/Zingz-and-Thingz-Corner-Plant-Stand/49973972
Assembled Product Weight,6 lb,Succeeded,Zingz and Thingz Corner Plant Stand,https://www.walmart.com/ip/Zingz-and-Thingz-Corner-Plant-Stand/49973972
Assembled Product Dimensions (L x W x H),12.50 x 9.00 x 30.25 Inches,Succeeded,Zingz and Thingz Corner Plant Stand,https://www.walmart.com/ip/Zingz-and-Thingz-Corner-Plant-Stand/49973972
Brand,Hirt's Gardens,Succeeded,"25 - 3"" x 2.5"" Clay Pots - Great for Plants and Craf  ...",https://www.walmart.com/ip/25-3-x-2-5-Clay-Pots-Great-for-Plants-and-Crafts/125517999
Features,"products dimension: 2138""lx205""wx115""h"", comes with 3 milano railing planters and 1 milano modular planter, perfect on any four or six inch rail, use indoors or outside",Succeeded,Bloem Milano 4 Piece Rail Planter Set Terra Cotta,https://www.walmart.com/ip/Bloem-Milano-4-Piece-Rail-Planter-Set-Terra-Cotta/35029135
Brand,Bloem,Succeeded,Bloem Milano 4 Piece Rail Planter Set Terra Cotta,https://www.walmart.com/ip/Bloem-Milano-4-Piece-Rail-Planter-Set-Terra-Cotta/35029135
Material,Plastic,Succeeded,Bloem Milano 4 Piece Rail Planter Set Terra Cotta,https://www.walmart.com/ip/Bloem-Milano-4-Piece-Rail-Planter-Set-Terra-Cotta/35029135
Color,Terra Cotta,Succeeded,Bloem Milano 4 Piece Rail Planter Set Terra Cotta,https://www.walmart.com/ip/Bloem-Milano-4-Piece-Rail-Planter-Set-Terra-Cotta/35029135
Shape,Oblong shape,Succeeded,Bloem Milano 4 Piece Rail Planter Set Terra Cotta,https://www.walmart.com/ip/Bloem-Milano-4-Piece-Rail-Planter-Set-Terra-Cotta/35029135
Manufacturer Part Number,MRP421-46,Succeeded,Bloem Milano 4 Piece Rail Planter Set Terra Cotta,https://www.walmart.com/ip/Bloem-Milano-4-Piece-Rail-Planter-Set-Terra-Cotta/35029135
Assembled Product Weight,4.5 lb,Succeeded,Bloem Milano 4 Piece Rail Planter Set Terra Cotta,https://www.walmart.com/ip/Bloem-Milano-4-Piece-Rail-Planter-Set-Terra-Cotta/35029135
Assembled Product Dimensions (L x W x H),7.25 x 21.00 x 9.00 Inches,Succeeded,Bloem Milano 4 Piece Rail Planter Set Terra Cotta,https://www.walmart.com/ip/Bloem-Milano-4-Piece-Rail-Planter-Set-Terra-Cotta/35029135
Material,Ceramic,Succeeded,"Pennington Ceramic Aurora Square Pot, 8 inch",https://www.walmart.com/ip/Pennington-Ceramic-Aurora-Square-Pot-8-inch/185682678
Model,100526900,Succeeded,"Pennington Ceramic Aurora Square Pot, 8 inch",https://www.walmart.com/ip/Pennington-Ceramic-Aurora-Square-Pot-8-inch/185682678
Brand,Pennington,Succeeded,"Pennington Ceramic Aurora Square Pot, 8 inch",https://www.walmart.com/ip/Pennington-Ceramic-Aurora-Square-Pot-8-inch/185682678
Manufacturer Part Number,100526900,Succeeded,"Pennington Ceramic Aurora Square Pot, 8 inch",https://www.walmart.com/ip/Pennington-Ceramic-Aurora-Square-Pot-8-inch/185682678
Assembled Product Dimensions (L x W x H),8.07 x 8.07 x 7.09 Inches,Succeeded,"Pennington Ceramic Aurora Square Pot, 8 inch",https://www.walmart.com/ip/Pennington-Ceramic-Aurora-Square-Pot-8-inch/185682678
Volts,0,Succeeded,Better Homes and Gardens 30 in. Outdoor Lattice Coco  ...,https://www.walmart.com/ip/Better-Homes-and-Gardens-30-in-Outdoor-Lattice-Coco-Window-Box-Planter/56217647
Condition,New,Succeeded,Better Homes and Gardens 30 in. Outdoor Lattice Coco  ...,https://www.walmart.com/ip/Better-Homes-and-Gardens-30-in-Outdoor-Lattice-Coco-Window-Box-Planter/56217647
Manufacturer Part Number,82406,Succeeded,Better Homes and Gardens 30 in. Outdoor Lattice Coco  ...,https://www.walmart.com/ip/Better-Homes-and-Gardens-30-in-Outdoor-Lattice-Coco-Window-Box-Planter/56217647
Model,82406,Succeeded,Better Homes and Gardens 30 in. Outdoor Lattice Coco  ...,https://www.walmart.com/ip/Better-Homes-and-Gardens-30-in-Outdoor-Lattice-Coco-Window-Box-Planter/56217647
Brand,Better Homes & Gardens,Succeeded,Better Homes and Gardens 30 in. Outdoor Lattice Coco  ...,https://www.walmart.com/ip/Better-Homes-and-Gardens-30-in-Outdoor-Lattice-Coco-Window-Box-Planter/56217647
Assembled Product Weight,4.1 oz,Succeeded,Better Homes and Gardens 30 in. Outdoor Lattice Coco  ...,https://www.walmart.com/ip/Better-Homes-and-Gardens-30-in-Outdoor-Lattice-Coco-Window-Box-Planter/56217647
Assembled Product Dimensions (L x W x H),30.50 x 8.27 x 8.85 Inches,Succeeded,Better Homes and Gardens 30 in. Outdoor Lattice Coco  ...,https://www.walmart.com/ip/Better-Homes-and-Gardens-30-in-Outdoor-Lattice-Coco-Window-Box-Planter/56217647
Brand,Best Choice Products,Succeeded,Best Choice Products Premium 4 Tone Artificial Grass  ...,https://www.walmart.com/ip/Best-Choice-Products-Premium-4-Tone-Artificial-Grass-Turf-Indoor-Outdoor-Landscape-Use-W-Drainage-Holes-39-x-28/905729736
Condition,New,Succeeded,Best Choice Products Premium 4 Tone Artificial Grass  ...,https://www.walmart.com/ip/Best-Choice-Products-Premium-4-Tone-Artificial-Grass-Turf-Indoor-Outdoor-Landscape-Use-W-Drainage-Holes-39-x-28/905729736
Manufacturer Part Number,SKY3060,Succeeded,Best Choice Products Premium 4 Tone Artificial Grass  ...,https://www.walmart.com/ip/Best-Choice-Products-Premium-4-Tone-Artificial-Grass-Turf-Indoor-Outdoor-Landscape-Use-W-Drainage-Holes-39-x-28/905729736
Color,Green,Succeeded,Best Choice Products Premium 4 Tone Artificial Grass  ...,https://www.walmart.com/ip/Best-Choice-Products-Premium-4-Tone-Artificial-Grass-Turf-Indoor-Outdoor-Landscape-Use-W-Drainage-Holes-39-x-28/905729736
Material,"Polyethylene, Polypropylene yarn",Succeeded,Best Choice Products Premium 4 Tone Artificial Grass  ...,https://www.walmart.com/ip/Best-Choice-Products-Premium-4-Tone-Artificial-Grass-Turf-Indoor-Outdoor-Landscape-Use-W-Drainage-Holes-39-x-28/905729736
Material,Polypropylene,Succeeded,9 Plant Sites Spots Grow Deep Water Culture Kit Syst  ...,https://www.walmart.com/ip/9-Plant-Sites-Spots-Grow-Deep-Water-Culture-Kit-System-Bubble-Tub-Hydroponics/156693205
Brand,Aimeeli,Succeeded,9 Plant Sites Spots Grow Deep Water Culture Kit Syst  ...,https://www.walmart.com/ip/9-Plant-Sites-Spots-Grow-Deep-Water-Culture-Kit-System-Bubble-Tub-Hydroponics/156693205
Features,Shelves,Succeeded,"Monarch Accent Table 32""H / Cappuccino",https://www.walmart.com/ip/Monarch-Accent-Table-32-H-Cappuccino/43335852
Brand,Monarch Specialties,Succeeded,"Monarch Accent Table 32""H / Cappuccino",https://www.walmart.com/ip/Monarch-Accent-Table-32-H-Cappuccino/43335852
Material,Wood,Succeeded,"Monarch Accent Table 32""H / Cappuccino",https://www.walmart.com/ip/Monarch-Accent-Table-32-H-Cappuccino/43335852
Shape,Square,Succeeded,"Monarch Accent Table 32""H / Cappuccino",https://www.walmart.com/ip/Monarch-Accent-Table-32-H-Cappuccino/43335852
Manufacturer Part Number,I2478,Succeeded,"Monarch Accent Table 32""H / Cappuccino",https://www.walmart.com/ip/Monarch-Accent-Table-32-H-Cappuccino/43335852
Assembled Product Dimensions (L x W x H),12.00 x 12.00 x 32.00 Inches,Succeeded,"Monarch Accent Table 32""H / Cappuccino",https://www.walmart.com/ip/Monarch-Accent-Table-32-H-Cappuccino/43335852
Brand,Bloem,Succeeded,"Bloem Veranda Deck Box Planter 18"" Peppercorn",https://www.walmart.com/ip/Bloem-Veranda-Deck-Box-Planter-18-Peppercorn/168600762
Material,Plastic,Succeeded,"Bloem Veranda Deck Box Planter 18"" Peppercorn",https://www.walmart.com/ip/Bloem-Veranda-Deck-Box-Planter-18-Peppercorn/168600762
Color,Peppercorn,Succeeded,"Bloem Veranda Deck Box Planter 18"" Peppercorn",https://www.walmart.com/ip/Bloem-Veranda-Deck-Box-Planter-18-Peppercorn/168600762
Shape,Square shape,Succeeded,"Bloem Veranda Deck Box Planter 18"" Peppercorn",https://www.walmart.com/ip/Bloem-Veranda-Deck-Box-Planter-18-Peppercorn/168600762
Manufacturer Part Number,57718,Succeeded,"Bloem Veranda Deck Box Planter 18"" Peppercorn",https://www.walmart.com/ip/Bloem-Veranda-Deck-Box-Planter-18-Peppercorn/168600762
Assembled Product Weight,2.5 lb,Succeeded,"Bloem Veranda Deck Box Planter 18"" Peppercorn",https://www.walmart.com/ip/Bloem-Veranda-Deck-Box-Planter-18-Peppercorn/168600762
Assembled Product Dimensions (L x W x H),18.00 x 18.00 x 14.25 Inches,Succeeded,"Bloem Veranda Deck Box Planter 18"" Peppercorn",https://www.walmart.com/ip/Bloem-Veranda-Deck-Box-Planter-18-Peppercorn/168600762
Brand,TEKU,Succeeded,4 in. dia. Terra Cotta Pots (12-pack),https://www.walmart.com/ip/4-in-dia-Terra-Cotta-Pots-12-pack/974753764
Material,Resin,Succeeded,4 in. dia. Terra Cotta Pots (12-pack),https://www.walmart.com/ip/4-in-dia-Terra-Cotta-Pots-12-pack/974753764
Color,Terra Cotta,Succeeded,4 in. dia. Terra Cotta Pots (12-pack),https://www.walmart.com/ip/4-in-dia-Terra-Cotta-Pots-12-pack/974753764
Manufacturer Part Number,TO10D1012,Succeeded,4 in. dia. Terra Cotta Pots (12-pack),https://www.walmart.com/ip/4-in-dia-Terra-Cotta-Pots-12-pack/974753764
Assembled Product Dimensions (L x W x H),8.00 x 6.00 x 4.00 Inches,Succeeded,4 in. dia. Terra Cotta Pots (12-pack),https://www.walmart.com/ip/4-in-dia-Terra-Cotta-Pots-12-pack/974753764
Brand,Mayne Inc.,Succeeded,Raised Bed Corner Connectors N426,https://www.walmart.com/ip/Raised-Bed-Corner-Connectors-N426/28638901
Material,Polyethylene,Succeeded,Raised Bed Corner Connectors N426,https://www.walmart.com/ip/Raised-Bed-Corner-Connectors-N426/28638901
Color,White,Succeeded,Raised Bed Corner Connectors N426,https://www.walmart.com/ip/Raised-Bed-Corner-Connectors-N426/28638901
Shape,Rectangle,Succeeded,Raised Bed Corner Connectors N426,https://www.walmart.com/ip/Raised-Bed-Corner-Connectors-N426/28638901
Manufacturer Part Number,5826-W,Succeeded,Raised Bed Corner Connectors N426,https://www.walmart.com/ip/Raised-Bed-Corner-Connectors-N426/28638901
Assembled Product Weight,22 lb,Succeeded,Raised Bed Corner Connectors N426,https://www.walmart.com/ip/Raised-Bed-Corner-Connectors-N426/28638901
Assembled Product Dimensions (L x W x H),36.00 x 20.00 x 20.00 Inches,Succeeded,Raised Bed Corner Connectors N426,https://www.walmart.com/ip/Raised-Bed-Corner-Connectors-N426/28638901
Features,"use up to 50% less potting soil, prevent root rot, products dimension: 1""lx12""wx12""h"", reduce planter weight, no messy fillers needed, grow healthier plants product weight: 05 lbs",Succeeded,"Ups-A-Daisy Round Planter Insert 12""-Fits 14-16"" Pot  ...",https://www.walmart.com/ip/Ups-A-Daisy-Round-Planter-Insert-12-Fits-14-16-Pots/24300091
Material,Plastic,Succeeded,"Ups-A-Daisy Round Planter Insert 12""-Fits 14-16"" Pot  ...",https://www.walmart.com/ip/Ups-A-Daisy-Round-Planter-Insert-12-Fits-14-16-Pots/24300091
Model,T6322,Succeeded,"Ups-A-Daisy Round Planter Insert 12""-Fits 14-16"" Pot  ...",https://www.walmart.com/ip/Ups-A-Daisy-Round-Planter-Insert-12-Fits-14-16-Pots/24300091
Color,Orange,Succeeded,"Ups-A-Daisy Round Planter Insert 12""-Fits 14-16"" Pot  ...",https://www.walmart.com/ip/Ups-A-Daisy-Round-Planter-Insert-12-Fits-14-16-Pots/24300091
Brand,Bloem/Adp,Succeeded,"Ups-A-Daisy Round Planter Insert 12""-Fits 14-16"" Pot  ...",https://www.walmart.com/ip/Ups-A-Daisy-Round-Planter-Insert-12-Fits-14-16-Pots/24300091
Manufacturer Part Number,T6322,Succeeded,"Ups-A-Daisy Round Planter Insert 12""-Fits 14-16"" Pot  ...",https://www.walmart.com/ip/Ups-A-Daisy-Round-Planter-Insert-12-Fits-14-16-Pots/24300091
Size,0.75 height x 12 depth x 12 top width x 12 base width,Succeeded,"Ups-A-Daisy Round Planter Insert 12""-Fits 14-16"" Pot  ...",https://www.walmart.com/ip/Ups-A-Daisy-Round-Planter-Insert-12-Fits-14-16-Pots/24300091
Shape,Round shape,Succeeded,"Ups-A-Daisy Round Planter Insert 12""-Fits 14-16"" Pot  ...",https://www.walmart.com/ip/Ups-A-Daisy-Round-Planter-Insert-12-Fits-14-16-Pots/24300091
Assembled Product Weight,0.5 lb,Succeeded,"Ups-A-Daisy Round Planter Insert 12""-Fits 14-16"" Pot  ...",https://www.walmart.com/ip/Ups-A-Daisy-Round-Planter-Insert-12-Fits-14-16-Pots/24300091
Recommended Use,"Herbs, Gifts, Flowers, Plants, Decoration",Succeeded,"Ups-A-Daisy Round Planter Insert 12""-Fits 14-16"" Pot  ...",https://www.walmart.com/ip/Ups-A-Daisy-Round-Planter-Insert-12-Fits-14-16-Pots/24300091
Assembled Product Dimensions (L x W x H),12.00 x 12.00 x 0.75 Inches,Succeeded,"Ups-A-Daisy Round Planter Insert 12""-Fits 14-16"" Pot  ...",https://www.walmart.com/ip/Ups-A-Daisy-Round-Planter-Insert-12-Fits-14-16-Pots/24300091
Features,Indoor/Outdoor,Succeeded,Veradek Nobleton Planter - Black - 18 in.,https://www.walmart.com/ip/Veradek-Nobleton-Planter-Black-18-in/45010267
Brand,Veradek Inc,Succeeded,Veradek Nobleton Planter - Black - 18 in.,https://www.walmart.com/ip/Veradek-Nobleton-Planter-Black-18-in/45010267
Material,Polyethylene Composite,Succeeded,Veradek Nobleton Planter - Black - 18 in.,https://www.walmart.com/ip/Veradek-Nobleton-Planter-Black-18-in/45010267
Shape,Square,Succeeded,Veradek Nobleton Planter - Black - 18 in.,https://www.walmart.com/ip/Veradek-Nobleton-Planter-Black-18-in/45010267
manufacturer_part_number,nbv18b,Succeeded,Veradek Nobleton Planter - Black - 18 in.,https://www.walmart.com/ip/Veradek-Nobleton-Planter-Black-18-in/45010267
Assembled Product Weight,8.00 lb,Succeeded,Veradek Nobleton Planter - Black - 18 in.,https://www.walmart.com/ip/Veradek-Nobleton-Planter-Black-18-in/45010267
Assembled Product Dimensions (L x W x H),16.00 x 16.00 x 18.00 Inches,Succeeded,Veradek Nobleton Planter - Black - 18 in.,https://www.walmart.com/ip/Veradek-Nobleton-Planter-Black-18-in/45010267
Brand,Palram,Succeeded,Plant Hangers for Snap and Grow and Multi Line Green  ...,https://www.walmart.com/ip/Plant-Hangers-for-Snap-and-Grow-and-Multi-Line-Greenhouses/14868309
Material,"Polycarbonate Greenhouses, Metal Greenhouses",Succeeded,Plant Hangers for Snap and Grow and Multi Line Green  ...,https://www.walmart.com/ip/Plant-Hangers-for-Snap-and-Grow-and-Multi-Line-Greenhouses/14868309
Color,Green,Succeeded,Plant Hangers for Snap and Grow and Multi Line Green  ...,https://www.walmart.com/ip/Plant-Hangers-for-Snap-and-Grow-and-Multi-Line-Greenhouses/14868309
Manufacturer Part Number,HG1010,Succeeded,Plant Hangers for Snap and Grow and Multi Line Green  ...,https://www.walmart.com/ip/Plant-Hangers-for-Snap-and-Grow-and-Multi-Line-Greenhouses/14868309
Assembled Product Dimensions (L x W x H),1.20 x 0.70 x 0.70 Inches,Succeeded,Plant Hangers for Snap and Grow and Multi Line Green  ...,https://www.walmart.com/ip/Plant-Hangers-for-Snap-and-Grow-and-Multi-Line-Greenhouses/14868309
Brand,Akro-Mils,Succeeded,"Akro Mils IFA14000BE4 14"" x 11.54"" Teal Infinity Sel  ...",https://www.walmart.com/ip/Akro-Mils-IFA14000BE4-14-x-11-54-Teal-Infinity-Self-Watering-Planter/51555619
Material,Plastic,Succeeded,"Akro Mils IFA14000BE4 14"" x 11.54"" Teal Infinity Sel  ...",https://www.walmart.com/ip/Akro-Mils-IFA14000BE4-14-x-11-54-Teal-Infinity-Self-Watering-Planter/51555619
Color,"Blue, Teal",Succeeded,"Akro Mils IFA14000BE4 14"" x 11.54"" Teal Infinity Sel  ...",https://www.walmart.com/ip/Akro-Mils-IFA14000BE4-14-x-11-54-Teal-Infinity-Self-Watering-Planter/51555619
Manufacturer Part Number,IFA14000BE4,Succeeded,"Akro Mils IFA14000BE4 14"" x 11.54"" Teal Infinity Sel  ...",https://www.walmart.com/ip/Akro-Mils-IFA14000BE4-14-x-11-54-Teal-Infinity-Self-Watering-Planter/51555619
Assembled Product Dimensions (L x W x H),15.00 x 15.00 x 12.00 Inches,Succeeded,"Akro Mils IFA14000BE4 14"" x 11.54"" Teal Infinity Sel  ...",https://www.walmart.com/ip/Akro-Mils-IFA14000BE4-14-x-11-54-Teal-Infinity-Self-Watering-Planter/51555619
Brand,Pennington,Succeeded,Pennington Ceramic Vintage Floral Window Box Pot/Pla  ...,https://www.walmart.com/ip/Pennington-Ceramic-Vintage-Floral-Window-Box-Pot-Planter-12-inch/46855941
Color,White,Succeeded,Pennington Ceramic Vintage Floral Window Box Pot/Pla  ...,https://www.walmart.com/ip/Pennington-Ceramic-Vintage-Floral-Window-Box-Pot-Planter-12-inch/46855941
Manufacturer Part Number,100522655,Succeeded,Pennington Ceramic Vintage Floral Window Box Pot/Pla  ...,https://www.walmart.com/ip/Pennington-Ceramic-Vintage-Floral-Window-Box-Pot-Planter-12-inch/46855941
Assembled Product Dimensions (L x W x H),null Inches,Succeeded,Pennington Ceramic Vintage Floral Window Box Pot/Pla  ...,https://www.walmart.com/ip/Pennington-Ceramic-Vintage-Floral-Window-Box-Pot-Planter-12-inch/46855941
Brand,ATT SOUTHERN INC,Succeeded,Att Southern WB3012OT 30-Inch Sand Windowbox Planter  ...,https://www.walmart.com/ip/Att-Southern-WB3012OT-30-Inch-Sand-Windowbox-Planter-Saucer/47411570
Color,Multicolor,Succeeded,Att Southern WB3012OT 30-Inch Sand Windowbox Planter  ...,https://www.walmart.com/ip/Att-Southern-WB3012OT-30-Inch-Sand-Windowbox-Planter-Saucer/47411570
Manufacturer Part Number,WB3012OT,Succeeded,Att Southern WB3012OT 30-Inch Sand Windowbox Planter  ...,https://www.walmart.com/ip/Att-Southern-WB3012OT-30-Inch-Sand-Windowbox-Planter-Saucer/47411570
Assembled Product Weight,1.9 Pounds,Succeeded,Att Southern WB3012OT 30-Inch Sand Windowbox Planter  ...,https://www.walmart.com/ip/Att-Southern-WB3012OT-30-Inch-Sand-Windowbox-Planter-Saucer/47411570
Assembled Product Dimensions (L x W x H),29.80 x 8.00 x 7.20 Inches,Succeeded,Att Southern WB3012OT 30-Inch Sand Windowbox Planter  ...,https://www.walmart.com/ip/Att-Southern-WB3012OT-30-Inch-Sand-Windowbox-Planter-Saucer/47411570
Brand,Hirt's Gardens,Succeeded,Mosquito Repelling Creeping Lemon Thyme- Live Plant   ...,https://www.walmart.com/ip/Mosquito-Repelling-Creeping-Lemon-Thyme-Live-Plant-FANTASTIC-3-Pot/166617293
Brand,Unbranded,Succeeded,10 Tier Plant Stand Wooden Flower Pot Display Rack S  ...,https://www.walmart.com/ip/10-Tier-Plant-Stand-Wooden-Flower-Pot-Display-Rack-Shelf-Indoors-Outdoor-Plant-Corner-Holder/571283198
Condition,New,Succeeded,10 Tier Plant Stand Wooden Flower Pot Display Rack S  ...,https://www.walmart.com/ip/10-Tier-Plant-Stand-Wooden-Flower-Pot-Display-Rack-Shelf-Indoors-Outdoor-Plant-Corner-Holder/571283198
Model,8AHJ01-2L,Succeeded,10 Tier Plant Stand Wooden Flower Pot Display Rack S  ...,https://www.walmart.com/ip/10-Tier-Plant-Stand-Wooden-Flower-Pot-Display-Rack-Shelf-Indoors-Outdoor-Plant-Corner-Holder/571283198
Manufacturer Part Number,8AHJ01-2L,Succeeded,10 Tier Plant Stand Wooden Flower Pot Display Rack S  ...,https://www.walmart.com/ip/10-Tier-Plant-Stand-Wooden-Flower-Pot-Display-Rack-Shelf-Indoors-Outdoor-Plant-Corner-Holder/571283198
Recommended Location,Indoor,Succeeded,10 Tier Plant Stand Wooden Flower Pot Display Rack S  ...,https://www.walmart.com/ip/10-Tier-Plant-Stand-Wooden-Flower-Pot-Display-Rack-Shelf-Indoors-Outdoor-Plant-Corner-Holder/571283198
Brand,Unbranded,Succeeded,10 Tier Plant Stand Wooden Flower Pot Display Rack S  ...,https://www.walmart.com/ip/10-Tier-Plant-Stand-Wooden-Flower-Pot-Display-Rack-Shelf-Indoors-Outdoor-Plant-Corner-Holder/571283198
Condition,New,Succeeded,10 Tier Plant Stand Wooden Flower Pot Display Rack S  ...,https://www.walmart.com/ip/10-Tier-Plant-Stand-Wooden-Flower-Pot-Display-Rack-Shelf-Indoors-Outdoor-Plant-Corner-Holder/571283198
Model,8AHJ01-2L,Succeeded,10 Tier Plant Stand Wooden Flower Pot Display Rack S  ...,https://www.walmart.com/ip/10-Tier-Plant-Stand-Wooden-Flower-Pot-Display-Rack-Shelf-Indoors-Outdoor-Plant-Corner-Holder/571283198
Manufacturer Part Number,8AHJ01-2L,Succeeded,10 Tier Plant Stand Wooden Flower Pot Display Rack S  ...,https://www.walmart.com/ip/10-Tier-Plant-Stand-Wooden-Flower-Pot-Display-Rack-Shelf-Indoors-Outdoor-Plant-Corner-Holder/571283198
Recommended Location,Indoor,Succeeded,10 Tier Plant Stand Wooden Flower Pot Display Rack S  ...,https://www.walmart.com/ip/10-Tier-Plant-Stand-Wooden-Flower-Pot-Display-Rack-Shelf-Indoors-Outdoor-Plant-Corner-Holder/571283198
Brand,Better Homes & Gardens,Succeeded,BHG SET OF TWO 15IN WHITE PLT STAND,https://www.walmart.com/ip/BHG-SET-OF-TWO-15IN-WHITE-PLT-STAND/917732973
Finish,White,Succeeded,BHG SET OF TWO 15IN WHITE PLT STAND,https://www.walmart.com/ip/BHG-SET-OF-TWO-15IN-WHITE-PLT-STAND/917732973
Color,White,Succeeded,BHG SET OF TWO 15IN WHITE PLT STAND,https://www.walmart.com/ip/BHG-SET-OF-TWO-15IN-WHITE-PLT-STAND/917732973
Condition,New,Succeeded,BHG SET OF TWO 15IN WHITE PLT STAND,https://www.walmart.com/ip/BHG-SET-OF-TWO-15IN-WHITE-PLT-STAND/917732973
Model,BH18-093-797-03,Succeeded,BHG SET OF TWO 15IN WHITE PLT STAND,https://www.walmart.com/ip/BHG-SET-OF-TWO-15IN-WHITE-PLT-STAND/917732973
Manufacturer Part Number,BH18-093-797-03,Succeeded,BHG SET OF TWO 15IN WHITE PLT STAND,https://www.walmart.com/ip/BHG-SET-OF-TWO-15IN-WHITE-PLT-STAND/917732973
Assembled Product Dimensions (L x W x H),12.60 x 12.30 x 15.00 Inches,Succeeded,BHG SET OF TWO 15IN WHITE PLT STAND,https://www.walmart.com/ip/BHG-SET-OF-TWO-15IN-WHITE-PLT-STAND/917732973
Brand,Better Homes & Gardens,Succeeded,BHG SET OF TWO 15IN WHITE PLT STAND,https://www.walmart.com/ip/BHG-SET-OF-TWO-15IN-WHITE-PLT-STAND/917732973
Finish,White,Succeeded,BHG SET OF TWO 15IN WHITE PLT STAND,https://www.walmart.com/ip/BHG-SET-OF-TWO-15IN-WHITE-PLT-STAND/917732973
Color,White,Succeeded,BHG SET OF TWO 15IN WHITE PLT STAND,https://www.walmart.com/ip/BHG-SET-OF-TWO-15IN-WHITE-PLT-STAND/917732973
Condition,New,Succeeded,BHG SET OF TWO 15IN WHITE PLT STAND,https://www.walmart.com/ip/BHG-SET-OF-TWO-15IN-WHITE-PLT-STAND/917732973
Model,BH18-093-797-03,Succeeded,BHG SET OF TWO 15IN WHITE PLT STAND,https://www.walmart.com/ip/BHG-SET-OF-TWO-15IN-WHITE-PLT-STAND/917732973
Manufacturer Part Number,BH18-093-797-03,Succeeded,BHG SET OF TWO 15IN WHITE PLT STAND,https://www.walmart.com/ip/BHG-SET-OF-TWO-15IN-WHITE-PLT-STAND/917732973
Assembled Product Dimensions (L x W x H),12.60 x 12.30 x 15.00 Inches,Succeeded,BHG SET OF TWO 15IN WHITE PLT STAND,https://www.walmart.com/ip/BHG-SET-OF-TWO-15IN-WHITE-PLT-STAND/917732973
Brand,Hirt's Gardens,Succeeded,"25 - 2.5"" x 2.25"" Clay Pots - Great for Plants and C  ...",https://www.walmart.com/ip/25-2-5-x-2-25-Clay-Pots-Great-for-Plants-and-Crafts/138949151
Brand,Bloem,Succeeded,"Bloem Modica Deck Rail Planter 12"" Honey Dew",https://www.walmart.com/ip/Bloem-Modica-Deck-Rail-Planter-12-Honey-Dew/381714732
Material,Plastic,Succeeded,"Bloem Modica Deck Rail Planter 12"" Honey Dew",https://www.walmart.com/ip/Bloem-Modica-Deck-Rail-Planter-12-Honey-Dew/381714732
Color,Honey Dew,Succeeded,"Bloem Modica Deck Rail Planter 12"" Honey Dew",https://www.walmart.com/ip/Bloem-Modica-Deck-Rail-Planter-12-Honey-Dew/381714732
Shape,Round shape,Succeeded,"Bloem Modica Deck Rail Planter 12"" Honey Dew",https://www.walmart.com/ip/Bloem-Modica-Deck-Rail-Planter-12-Honey-Dew/381714732
Manufacturer Part Number,MR1225,Succeeded,"Bloem Modica Deck Rail Planter 12"" Honey Dew",https://www.walmart.com/ip/Bloem-Modica-Deck-Rail-Planter-12-Honey-Dew/381714732
Assembled Product Weight,1.0 lb,Succeeded,"Bloem Modica Deck Rail Planter 12"" Honey Dew",https://www.walmart.com/ip/Bloem-Modica-Deck-Rail-Planter-12-Honey-Dew/381714732
Assembled Product Dimensions (L x W x H),12.00 x 12.00 x 8.75 Inches,Succeeded,"Bloem Modica Deck Rail Planter 12"" Honey Dew",https://www.walmart.com/ip/Bloem-Modica-Deck-Rail-Planter-12-Honey-Dew/381714732
Brand,Poly-Tex,Succeeded,Poly-Tex Galvanized 2-Tier Steel Work Bench / Greenh  ...,https://www.walmart.com/ip/Poly-Tex-Galvanized-2-Tier-Steel-Work-Bench-Greenhouse-Work-Station/14868310
Material,Metal,Succeeded,Poly-Tex Galvanized 2-Tier Steel Work Bench / Greenh  ...,https://www.walmart.com/ip/Poly-Tex-Galvanized-2-Tier-Steel-Work-Bench-Greenhouse-Work-Station/14868310
Color,Silver,Succeeded,Poly-Tex Galvanized 2-Tier Steel Work Bench / Greenh  ...,https://www.walmart.com/ip/Poly-Tex-Galvanized-2-Tier-Steel-Work-Bench-Greenhouse-Work-Station/14868310
Manufacturer Part Number,HG2000,Succeeded,Poly-Tex Galvanized 2-Tier Steel Work Bench / Greenh  ...,https://www.walmart.com/ip/Poly-Tex-Galvanized-2-Tier-Steel-Work-Bench-Greenhouse-Work-Station/14868310
Assembled Product Weight,48 lb,Succeeded,Poly-Tex Galvanized 2-Tier Steel Work Bench / Greenh  ...,https://www.walmart.com/ip/Poly-Tex-Galvanized-2-Tier-Steel-Work-Bench-Greenhouse-Work-Station/14868310
Assembled Product Dimensions (L x W x H),24.00 x 44.00 x 44.00 Inches,Succeeded,Poly-Tex Galvanized 2-Tier Steel Work Bench / Greenh  ...,https://www.walmart.com/ip/Poly-Tex-Galvanized-2-Tier-Steel-Work-Bench-Greenhouse-Work-Station/14868310
Brand,Primitive Planters,Succeeded,"Primitive Planters 2114 36"" Macrame Brown Plant Hang  ...",https://www.walmart.com/ip/Primitive-Planters-2114-36-Macrame-Brown-Plant-Hanger/17629914
Material,Multi,Succeeded,"Primitive Planters 2114 36"" Macrame Brown Plant Hang  ...",https://www.walmart.com/ip/Primitive-Planters-2114-36-Macrame-Brown-Plant-Hanger/17629914
Color,Brown,Succeeded,"Primitive Planters 2114 36"" Macrame Brown Plant Hang  ...",https://www.walmart.com/ip/Primitive-Planters-2114-36-Macrame-Brown-Plant-Hanger/17629914
Manufacturer Part Number,2114,Succeeded,"Primitive Planters 2114 36"" Macrame Brown Plant Hang  ...",https://www.walmart.com/ip/Primitive-Planters-2114-36-Macrame-Brown-Plant-Hanger/17629914
Assembled Product Dimensions (L x W x H),36.00 x 1.00 x 1.00 Inches,Succeeded,"Primitive Planters 2114 36"" Macrame Brown Plant Hang  ...",https://www.walmart.com/ip/Primitive-Planters-2114-36-Macrame-Brown-Plant-Hanger/17629914
Brand,Somerset Home,Succeeded,"Pot Holder Set, 2 Piece Oversized Heat Resistant Qui  ...",https://www.walmart.com/ip/Pot-Holder-Set-2-Piece-Oversized-Heat-Resistant-Quilted-Cotton-Pot-Holders-By-Somerset-Home/245488583
Color,Black,Succeeded,"Pot Holder Set, 2 Piece Oversized Heat Resistant Qui  ...",https://www.walmart.com/ip/Pot-Holder-Set-2-Piece-Oversized-Heat-Resistant-Quilted-Cotton-Pot-Holders-By-Somerset-Home/245488583
Manufacturer Part Number,69W-42442,Succeeded,"Pot Holder Set, 2 Piece Oversized Heat Resistant Qui  ...",https://www.walmart.com/ip/Pot-Holder-Set-2-Piece-Oversized-Heat-Resistant-Quilted-Cotton-Pot-Holders-By-Somerset-Home/245488583
Assembled Product Weight,0.35 lb,Succeeded,"Pot Holder Set, 2 Piece Oversized Heat Resistant Qui  ...",https://www.walmart.com/ip/Pot-Holder-Set-2-Piece-Oversized-Heat-Resistant-Quilted-Cotton-Pot-Holders-By-Somerset-Home/245488583
Assembled Product Dimensions (L x W x H),9.00 x 8.00 x 0.25 Inches,Succeeded,"Pot Holder Set, 2 Piece Oversized Heat Resistant Qui  ...",https://www.walmart.com/ip/Pot-Holder-Set-2-Piece-Oversized-Heat-Resistant-Quilted-Cotton-Pot-Holders-By-Somerset-Home/245488583
Dimensions,13L x 5.25W x 2H in.,Succeeded,Perky-Pet Planter Box Plastic Hummingbird Feeder wit  ...,https://www.walmart.com/ip/Perky-Pet-Planter-Box-Plastic-Hummingbird-Feeder-with-Hanger/16457383
Model,215P,Succeeded,Perky-Pet Planter Box Plastic Hummingbird Feeder wit  ...,https://www.walmart.com/ip/Perky-Pet-Planter-Box-Plastic-Hummingbird-Feeder-with-Hanger/16457383
Finish,Clear,Succeeded,Perky-Pet Planter Box Plastic Hummingbird Feeder wit  ...,https://www.walmart.com/ip/Perky-Pet-Planter-Box-Plastic-Hummingbird-Feeder-with-Hanger/16457383
Brand,Perky-Pet,Succeeded,Perky-Pet Planter Box Plastic Hummingbird Feeder wit  ...,https://www.walmart.com/ip/Perky-Pet-Planter-Box-Plastic-Hummingbird-Feeder-with-Hanger/16457383
Fabric Content,100% Multi,Succeeded,Perky-Pet Planter Box Plastic Hummingbird Feeder wit  ...,https://www.walmart.com/ip/Perky-Pet-Planter-Box-Plastic-Hummingbird-Feeder-with-Hanger/16457383
Recommended Location,Outdoor,Succeeded,Perky-Pet Planter Box Plastic Hummingbird Feeder wit  ...,https://www.walmart.com/ip/Perky-Pet-Planter-Box-Plastic-Hummingbird-Feeder-with-Hanger/16457383
Size,3 oz,Succeeded,Perky-Pet Planter Box Plastic Hummingbird Feeder wit  ...,https://www.walmart.com/ip/Perky-Pet-Planter-Box-Plastic-Hummingbird-Feeder-with-Hanger/16457383
Material,Multi,Succeeded,Perky-Pet Planter Box Plastic Hummingbird Feeder wit  ...,https://www.walmart.com/ip/Perky-Pet-Planter-Box-Plastic-Hummingbird-Feeder-with-Hanger/16457383
Manufacturer Part Number,215P,Succeeded,Perky-Pet Planter Box Plastic Hummingbird Feeder wit  ...,https://www.walmart.com/ip/Perky-Pet-Planter-Box-Plastic-Hummingbird-Feeder-with-Hanger/16457383
Color,Multicolor,Succeeded,Perky-Pet Planter Box Plastic Hummingbird Feeder wit  ...,https://www.walmart.com/ip/Perky-Pet-Planter-Box-Plastic-Hummingbird-Feeder-with-Hanger/16457383
Container Type,PACKAGE NOT AVAILABLE,Succeeded,Perky-Pet Planter Box Plastic Hummingbird Feeder wit  ...,https://www.walmart.com/ip/Perky-Pet-Planter-Box-Plastic-Hummingbird-Feeder-with-Hanger/16457383
Animal Type,"Multicolor, Multi",Succeeded,Perky-Pet Planter Box Plastic Hummingbird Feeder wit  ...,https://www.walmart.com/ip/Perky-Pet-Planter-Box-Plastic-Hummingbird-Feeder-with-Hanger/16457383
Assembled Product Weight,0.178 lb,Succeeded,Perky-Pet Planter Box Plastic Hummingbird Feeder wit  ...,https://www.walmart.com/ip/Perky-Pet-Planter-Box-Plastic-Hummingbird-Feeder-with-Hanger/16457383
Assembled Product Dimensions (L x W x H),13.06 x 1.96 x 5.34 Inches,Succeeded,Perky-Pet Planter Box Plastic Hummingbird Feeder wit  ...,https://www.walmart.com/ip/Perky-Pet-Planter-Box-Plastic-Hummingbird-Feeder-with-Hanger/16457383
Features,"products dimension: 18""lx18""wx14""h"", available in a variety of sizes and colors, saucer sold separately product weight: 156 lbs, pre-drilled holes allow for drainage and outdoor use, none of the disadvantages like clay planters  no chipping, no cracking, and no discoloration",Succeeded,"Bloem Dura Cotta Planter 16"" Terra Cotta",https://www.walmart.com/ip/Bloem-Dura-Cotta-Planter-16-Terra-Cotta/35029871
Brand,Bloem,Succeeded,"Bloem Dura Cotta Planter 16"" Terra Cotta",https://www.walmart.com/ip/Bloem-Dura-Cotta-Planter-16-Terra-Cotta/35029871
Material,Plastic,Succeeded,"Bloem Dura Cotta Planter 16"" Terra Cotta",https://www.walmart.com/ip/Bloem-Dura-Cotta-Planter-16-Terra-Cotta/35029871
Color,Terra Cotta,Succeeded,"Bloem Dura Cotta Planter 16"" Terra Cotta",https://www.walmart.com/ip/Bloem-Dura-Cotta-Planter-16-Terra-Cotta/35029871
Shape,Round shape,Succeeded,"Bloem Dura Cotta Planter 16"" Terra Cotta",https://www.walmart.com/ip/Bloem-Dura-Cotta-Planter-16-Terra-Cotta/35029871
Manufacturer Part Number,DC16-46,Succeeded,"Bloem Dura Cotta Planter 16"" Terra Cotta",https://www.walmart.com/ip/Bloem-Dura-Cotta-Planter-16-Terra-Cotta/35029871
Assembled Product Weight,1.8 lb,Succeeded,"Bloem Dura Cotta Planter 16"" Terra Cotta",https://www.walmart.com/ip/Bloem-Dura-Cotta-Planter-16-Terra-Cotta/35029871
Assembled Product Dimensions (L x W x H),18.00 x 18.00 x 14.25 Inches,Succeeded,"Bloem Dura Cotta Planter 16"" Terra Cotta",https://www.walmart.com/ip/Bloem-Dura-Cotta-Planter-16-Terra-Cotta/35029871
Brand,Convenience Concepts,Succeeded,Convenience Concepts Newport Prism Medium Plant Stan  ...,https://www.walmart.com/ip/Convenience-Concepts-Newport-Prism-Medium-Plant-Stand/56112146
Material,Wood Composite,Succeeded,Convenience Concepts Newport Prism Medium Plant Stan  ...,https://www.walmart.com/ip/Convenience-Concepts-Newport-Prism-Medium-Plant-Stand/56112146
Manufacturer Part Number,U14-170,Succeeded,Convenience Concepts Newport Prism Medium Plant Stan  ...,https://www.walmart.com/ip/Convenience-Concepts-Newport-Prism-Medium-Plant-Stand/56112146
Assembled Product Dimensions (L x W x H),11.50 x 11.50 x 26.00 Inches,Succeeded,Convenience Concepts Newport Prism Medium Plant Stan  ...,https://www.walmart.com/ip/Convenience-Concepts-Newport-Prism-Medium-Plant-Stand/56112146
Color,Wood Color,Succeeded,Raised Vegetable Garden Bed Elevated Planter Kit Gro  ...,https://www.walmart.com/ip/Raised-Vegetable-Garden-Bed-Elevated-Planter-Kit-Grow-Gardening-Vegetables/210308681
Brand,OUTAD,Succeeded,Raised Vegetable Garden Bed Elevated Planter Kit Gro  ...,https://www.walmart.com/ip/Raised-Vegetable-Garden-Bed-Elevated-Planter-Kit-Grow-Gardening-Vegetables/210308681
Assembled Product Weight,12500 g,Succeeded,Raised Vegetable Garden Bed Elevated Planter Kit Gro  ...,https://www.walmart.com/ip/Raised-Vegetable-Garden-Bed-Elevated-Planter-Kit-Grow-Gardening-Vegetables/210308681
Assembled Product Dimensions (L x W x H),52.76 x 23.23 x 30.31 Inches,Succeeded,Raised Vegetable Garden Bed Elevated Planter Kit Gro  ...,https://www.walmart.com/ip/Raised-Vegetable-Garden-Bed-Elevated-Planter-Kit-Grow-Gardening-Vegetables/210308681
Features,wine barrel planter,Succeeded,Southern Patio Sales Resin Barrel Planter,https://www.walmart.com/ip/Southern-Patio-Sales-Resin-Barrel-Planter/38235934
Brand,Southern Patio Sales,Succeeded,Southern Patio Sales Resin Barrel Planter,https://www.walmart.com/ip/Southern-Patio-Sales-Resin-Barrel-Planter/38235934
Material,"Metal, Manufactured Wood",Succeeded,Southern Patio Sales Resin Barrel Planter,https://www.walmart.com/ip/Southern-Patio-Sales-Resin-Barrel-Planter/38235934
Shape,Round,Succeeded,Southern Patio Sales Resin Barrel Planter,https://www.walmart.com/ip/Southern-Patio-Sales-Resin-Barrel-Planter/38235934
Manufacturer Part Number,HDR-002550,Succeeded,Southern Patio Sales Resin Barrel Planter,https://www.walmart.com/ip/Southern-Patio-Sales-Resin-Barrel-Planter/38235934
Assembled Product Weight,5.5 Pounds,Succeeded,Southern Patio Sales Resin Barrel Planter,https://www.walmart.com/ip/Southern-Patio-Sales-Resin-Barrel-Planter/38235934
Assembled Product Dimensions (L x W x H),22.50 x 22.50 x 13.25 Inches,Succeeded,Southern Patio Sales Resin Barrel Planter,https://www.walmart.com/ip/Southern-Patio-Sales-Resin-Barrel-Planter/38235934
Brand,Primitive Planters,Succeeded,"Primitive Planters 2114 36"" Macrame Brown Plant Hang  ...",https://www.walmart.com/ip/Primitive-Planters-2114-36-Macrame-Brown-Plant-Hanger/17629914
Material,Multi,Succeeded,"Primitive Planters 2114 36"" Macrame Brown Plant Hang  ...",https://www.walmart.com/ip/Primitive-Planters-2114-36-Macrame-Brown-Plant-Hanger/17629914
Color,Brown,Succeeded,"Primitive Planters 2114 36"" Macrame Brown Plant Hang  ...",https://www.walmart.com/ip/Primitive-Planters-2114-36-Macrame-Brown-Plant-Hanger/17629914
Manufacturer Part Number,2114,Succeeded,"Primitive Planters 2114 36"" Macrame Brown Plant Hang  ...",https://www.walmart.com/ip/Primitive-Planters-2114-36-Macrame-Brown-Plant-Hanger/17629914
Assembled Product Dimensions (L x W x H),36.00 x 1.00 x 1.00 Inches,Succeeded,"Primitive Planters 2114 36"" Macrame Brown Plant Hang  ...",https://www.walmart.com/ip/Primitive-Planters-2114-36-Macrame-Brown-Plant-Hanger/17629914
Features,swivel plant hanger bracket,Succeeded,Swivel Hanging Plant Bracket,https://www.walmart.com/ip/Swivel-Hanging-Plant-Bracket/38472530
Model,N274761,Succeeded,Swivel Hanging Plant Bracket,https://www.walmart.com/ip/Swivel-Hanging-Plant-Bracket/38472530
Brand,National Mfg.,Succeeded,Swivel Hanging Plant Bracket,https://www.walmart.com/ip/Swivel-Hanging-Plant-Bracket/38472530
Manufacturer Part Number,N274761,Succeeded,Swivel Hanging Plant Bracket,https://www.walmart.com/ip/Swivel-Hanging-Plant-Bracket/38472530
Assembled Product Weight,1.00 Pounds,Succeeded,Swivel Hanging Plant Bracket,https://www.walmart.com/ip/Swivel-Hanging-Plant-Bracket/38472530
Features,Made in the USA,Succeeded,Fairfield Tall Planter Espresso,https://www.walmart.com/ip/Fairfield-Tall-Planter-Espresso/789760082
Material,Plastic,Succeeded,Fairfield Tall Planter Espresso,https://www.walmart.com/ip/Fairfield-Tall-Planter-Espresso/789760082
Model,5829-ES,Succeeded,Fairfield Tall Planter Espresso,https://www.walmart.com/ip/Fairfield-Tall-Planter-Espresso/789760082
Color,Espresso,Succeeded,Fairfield Tall Planter Espresso,https://www.walmart.com/ip/Fairfield-Tall-Planter-Espresso/789760082
Brand,Mayne Inc.,Succeeded,Fairfield Tall Planter Espresso,https://www.walmart.com/ip/Fairfield-Tall-Planter-Espresso/789760082
Manufacturer Part Number,5829-ES,Succeeded,Fairfield Tall Planter Espresso,https://www.walmart.com/ip/Fairfield-Tall-Planter-Espresso/789760082
Assembled Product Weight,10.15 lb,Succeeded,Fairfield Tall Planter Espresso,https://www.walmart.com/ip/Fairfield-Tall-Planter-Espresso/789760082
Recommended Use,Outdoor,Succeeded,Fairfield Tall Planter Espresso,https://www.walmart.com/ip/Fairfield-Tall-Planter-Espresso/789760082
Assembled Product Dimensions (L x W x H),16.00 x 16.00 x 28.50 Inches,Succeeded,Fairfield Tall Planter Espresso,https://www.walmart.com/ip/Fairfield-Tall-Planter-Espresso/789760082
Color,wood,Succeeded,Costway Wooden Vegetable Raised Garden Bed Patio Bac  ...,https://www.walmart.com/ip/Costway-Wooden-Vegetable-Raised-Garden-Bed-Patio-Backyard-Grow-Flowers-Plants-Planter/975934952
Brand,Costway,Succeeded,Costway Wooden Vegetable Raised Garden Bed Patio Bac  ...,https://www.walmart.com/ip/Costway-Wooden-Vegetable-Raised-Garden-Bed-Patio-Backyard-Grow-Flowers-Plants-Planter/975934952
Manufacturer Part Number,GT2935,Succeeded,Costway Wooden Vegetable Raised Garden Bed Patio Bac  ...,https://www.walmart.com/ip/Costway-Wooden-Vegetable-Raised-Garden-Bed-Patio-Backyard-Grow-Flowers-Plants-Planter/975934952
Brand,Hirt's Gardens,Succeeded,Octagon Self Watering Glazed Ceramic Pot - Jade - 5   ...,https://www.walmart.com/ip/Octagon-Self-Watering-Glazed-Ceramic-Pot-Jade-5-1-4-x-4-1-4/185327814
Brand,Yosoo,Succeeded,3 Tier Outdoor Bamboo Flower Plant Pot Shelf Stand F  ...,https://www.walmart.com/ip/3-Tier-Outdoor-Bamboo-Flower-Plant-Pot-Shelf-Stand-Folding-Display-Rack-Garden-Yard/495246933
Material,Resin,Succeeded,Motion Sensored Farting Gnome Planter,https://www.walmart.com/ip/Motion-Sensored-Farting-Gnome-Planter/123698291
Model,98051,Succeeded,Motion Sensored Farting Gnome Planter,https://www.walmart.com/ip/Motion-Sensored-Farting-Gnome-Planter/123698291
Color,Multi,Succeeded,Motion Sensored Farting Gnome Planter,https://www.walmart.com/ip/Motion-Sensored-Farting-Gnome-Planter/123698291
Brand,Collections ETC,Succeeded,Motion Sensored Farting Gnome Planter,https://www.walmart.com/ip/Motion-Sensored-Farting-Gnome-Planter/123698291
Manufacturer Part Number,98051,Succeeded,Motion Sensored Farting Gnome Planter,https://www.walmart.com/ip/Motion-Sensored-Farting-Gnome-Planter/123698291
Brand,EMSCO,Succeeded,Emsco Group 2355-1 City Pickers Replacement Mulch Co  ...,https://www.walmart.com/ip/Emsco-Group-2355-1-City-Pickers-Replacement-Mulch-Covers-Black/54052871
Color,Black,Succeeded,Emsco Group 2355-1 City Pickers Replacement Mulch Co  ...,https://www.walmart.com/ip/Emsco-Group-2355-1-City-Pickers-Replacement-Mulch-Covers-Black/54052871
manufacturer_part_number,2355-1,Succeeded,Emsco Group 2355-1 City Pickers Replacement Mulch Co  ...,https://www.walmart.com/ip/Emsco-Group-2355-1-City-Pickers-Replacement-Mulch-Covers-Black/54052871
Assembled Product Weight,0.75 oz,Succeeded,Emsco Group 2355-1 City Pickers Replacement Mulch Co  ...,https://www.walmart.com/ip/Emsco-Group-2355-1-City-Pickers-Replacement-Mulch-Covers-Black/54052871
Assembled Product Dimensions (L x W x H),2.88 x 8.88 x 11.88 Inches,Succeeded,Emsco Group 2355-1 City Pickers Replacement Mulch Co  ...,https://www.walmart.com/ip/Emsco-Group-2355-1-City-Pickers-Replacement-Mulch-Covers-Black/54052871
Color,Black,Succeeded,10pcs Non-Woven Fabric Smart Plant Indoor Outdoor Gr  ...,https://www.walmart.com/ip/10pcs-Non-Woven-Fabric-Smart-Plant-Indoor-Outdoor-Grow-Prune-Pot-Bag-5-Gallon/964776491
Brand,OUTAD,Succeeded,10pcs Non-Woven Fabric Smart Plant Indoor Outdoor Gr  ...,https://www.walmart.com/ip/10pcs-Non-Woven-Fabric-Smart-Plant-Indoor-Outdoor-Grow-Prune-Pot-Bag-5-Gallon/964776491
Assembled Product Weight,2.09 lb,Succeeded,10pcs Non-Woven Fabric Smart Plant Indoor Outdoor Gr  ...,https://www.walmart.com/ip/10pcs-Non-Woven-Fabric-Smart-Plant-Indoor-Outdoor-Grow-Prune-Pot-Bag-5-Gallon/964776491
Assembled Product Dimensions (L x W x H),11.81 x 11.81 x 9.45 Inches,Succeeded,10pcs Non-Woven Fabric Smart Plant Indoor Outdoor Gr  ...,https://www.walmart.com/ip/10pcs-Non-Woven-Fabric-Smart-Plant-Indoor-Outdoor-Grow-Prune-Pot-Bag-5-Gallon/964776491
Brand,Frame It All,Succeeded,Classic Sienna Raised Garden Bed 8' x 8' x 11  1   ...,https://www.walmart.com/ip/Classic-Sienna-Raised-Garden-Bed-8-x-8-x-11-1-profile/39461451
Material,Plastic,Succeeded,Classic Sienna Raised Garden Bed 8' x 8' x 11  1   ...,https://www.walmart.com/ip/Classic-Sienna-Raised-Garden-Bed-8-x-8-x-11-1-profile/39461451
Color,Classic Sienna,Succeeded,Classic Sienna Raised Garden Bed 8' x 8' x 11  1   ...,https://www.walmart.com/ip/Classic-Sienna-Raised-Garden-Bed-8-x-8-x-11-1-profile/39461451
Manufacturer Part Number,300001068,Succeeded,Classic Sienna Raised Garden Bed 8' x 8' x 11  1   ...,https://www.walmart.com/ip/Classic-Sienna-Raised-Garden-Bed-8-x-8-x-11-1-profile/39461451
Assembled Product Weight,0 lb,Succeeded,Classic Sienna Raised Garden Bed 8' x 8' x 11  1   ...,https://www.walmart.com/ip/Classic-Sienna-Raised-Garden-Bed-8-x-8-x-11-1-profile/39461451
Assembled Product Dimensions (L x W x H),null Inches,Succeeded,Classic Sienna Raised Garden Bed 8' x 8' x 11  1   ...,https://www.walmart.com/ip/Classic-Sienna-Raised-Garden-Bed-8-x-8-x-11-1-profile/39461451
Brand,Plantation Products,Succeeded,"Plantation Products FT36HFB 11"" x 22"" Plant Pot Seed  ...",https://www.walmart.com/ip/Plantation-Products-FT36HFB-11-x-22-Plant-Pot-Seed-Starter-Tray/34013368
Material,Multi,Succeeded,"Plantation Products FT36HFB 11"" x 22"" Plant Pot Seed  ...",https://www.walmart.com/ip/Plantation-Products-FT36HFB-11-x-22-Plant-Pot-Seed-Starter-Tray/34013368
Color,Multicolor,Succeeded,"Plantation Products FT36HFB 11"" x 22"" Plant Pot Seed  ...",https://www.walmart.com/ip/Plantation-Products-FT36HFB-11-x-22-Plant-Pot-Seed-Starter-Tray/34013368
Manufacturer Part Number,FT36HFB,Succeeded,"Plantation Products FT36HFB 11"" x 22"" Plant Pot Seed  ...",https://www.walmart.com/ip/Plantation-Products-FT36HFB-11-x-22-Plant-Pot-Seed-Starter-Tray/34013368
Assembled Product Dimensions (L x W x H),45.00 x 10.00 x 21.00 Inches,Succeeded,"Plantation Products FT36HFB 11"" x 22"" Plant Pot Seed  ...",https://www.walmart.com/ip/Plantation-Products-FT36HFB-11-x-22-Plant-Pot-Seed-Starter-Tray/34013368
Brand,Surreal,Succeeded,"Planter for Home, Patio, or Garden Indoor/Outdoor wi  ...",https://www.walmart.com/ip/Planter-for-Home-Patio-or-Garden-Indoor-Outdoor-with-Natural-Birch-Tree-Look-Vertical-12-by-Surreal/55206402
Color,"Birch, White, Off-White",Succeeded,"Planter for Home, Patio, or Garden Indoor/Outdoor wi  ...",https://www.walmart.com/ip/Planter-for-Home-Patio-or-Garden-Indoor-Outdoor-with-Natural-Birch-Tree-Look-Vertical-12-by-Surreal/55206402
Manufacturer Part Number,BV-12,Succeeded,"Planter for Home, Patio, or Garden Indoor/Outdoor wi  ...",https://www.walmart.com/ip/Planter-for-Home-Patio-or-Garden-Indoor-Outdoor-with-Natural-Birch-Tree-Look-Vertical-12-by-Surreal/55206402
Assembled Product Weight,3 lb,Succeeded,"Planter for Home, Patio, or Garden Indoor/Outdoor wi  ...",https://www.walmart.com/ip/Planter-for-Home-Patio-or-Garden-Indoor-Outdoor-with-Natural-Birch-Tree-Look-Vertical-12-by-Surreal/55206402
Assembled Product Dimensions (L x W x H),12.00 x 12.00 x 11.25 Inches,Succeeded,"Planter for Home, Patio, or Garden Indoor/Outdoor wi  ...",https://www.walmart.com/ip/Planter-for-Home-Patio-or-Garden-Indoor-Outdoor-with-Natural-Birch-Tree-Look-Vertical-12-by-Surreal/55206402
Material,Resin Wicker,Succeeded,"Panacea Products 82313 Resin Wicker Window Planter,   ...",https://www.walmart.com/ip/Panacea-Products-82313-Resin-Wicker-Window-Planter-Brown-24-In/149066102
Model,82313,Succeeded,"Panacea Products 82313 Resin Wicker Window Planter,   ...",https://www.walmart.com/ip/Panacea-Products-82313-Resin-Wicker-Window-Planter-Brown-24-In/149066102
Color,Multicolor,Succeeded,"Panacea Products 82313 Resin Wicker Window Planter,   ...",https://www.walmart.com/ip/Panacea-Products-82313-Resin-Wicker-Window-Planter-Brown-24-In/149066102
Brand,PANACEA PRODUCTS CORP,Succeeded,"Panacea Products 82313 Resin Wicker Window Planter,   ...",https://www.walmart.com/ip/Panacea-Products-82313-Resin-Wicker-Window-Planter-Brown-24-In/149066102
Manufacturer Part Number,82313,Succeeded,"Panacea Products 82313 Resin Wicker Window Planter,   ...",https://www.walmart.com/ip/Panacea-Products-82313-Resin-Wicker-Window-Planter-Brown-24-In/149066102
Assembled Product Weight,1.32 Pounds,Succeeded,"Panacea Products 82313 Resin Wicker Window Planter,   ...",https://www.walmart.com/ip/Panacea-Products-82313-Resin-Wicker-Window-Planter-Brown-24-In/149066102
Assembled Product Dimensions (L x W x H),24.10 x 7.09 x 5.20 Inches,Succeeded,"Panacea Products 82313 Resin Wicker Window Planter,   ...",https://www.walmart.com/ip/Panacea-Products-82313-Resin-Wicker-Window-Planter-Brown-24-In/149066102
Occasion,All Occasion,Succeeded,Top Land Trading Fairy Baby Flower Pot Hugger for Mi  ...,https://www.walmart.com/ip/Top-Land-Trading-Fairy-Baby-Flower-Pot-Hugger-for-Miniature-Garden-Fairy-Garden/186916420
Brand,Top Land Trading,Succeeded,Top Land Trading Fairy Baby Flower Pot Hugger for Mi  ...,https://www.walmart.com/ip/Top-Land-Trading-Fairy-Baby-Flower-Pot-Hugger-for-Miniature-Garden-Fairy-Garden/186916420
Material,Resin,Succeeded,Top Land Trading Fairy Baby Flower Pot Hugger for Mi  ...,https://www.walmart.com/ip/Top-Land-Trading-Fairy-Baby-Flower-Pot-Hugger-for-Miniature-Garden-Fairy-Garden/186916420
Color,Multi - Colored,Succeeded,Top Land Trading Fairy Baby Flower Pot Hugger for Mi  ...,https://www.walmart.com/ip/Top-Land-Trading-Fairy-Baby-Flower-Pot-Hugger-for-Miniature-Garden-Fairy-Garden/186916420
Gender,Unisex,Succeeded,Top Land Trading Fairy Baby Flower Pot Hugger for Mi  ...,https://www.walmart.com/ip/Top-Land-Trading-Fairy-Baby-Flower-Pot-Hugger-for-Miniature-Garden-Fairy-Garden/186916420
Manufacturer Part Number,4282,Succeeded,Top Land Trading Fairy Baby Flower Pot Hugger for Mi  ...,https://www.walmart.com/ip/Top-Land-Trading-Fairy-Baby-Flower-Pot-Hugger-for-Miniature-Garden-Fairy-Garden/186916420
Model,85591D,Succeeded,PANACEA PRODUCTS CORP 9-Inch Black Hanging Plant Bra  ...,https://www.walmart.com/ip/PANACEA-PRODUCTS-CORP-9-Inch-Black-Hanging-Plant-Bracket/46649952
Finish,Black,Succeeded,PANACEA PRODUCTS CORP 9-Inch Black Hanging Plant Bra  ...,https://www.walmart.com/ip/PANACEA-PRODUCTS-CORP-9-Inch-Black-Hanging-Plant-Bracket/46649952
Brand,PANACEA PRODUCTS CORP,Succeeded,PANACEA PRODUCTS CORP 9-Inch Black Hanging Plant Bra  ...,https://www.walmart.com/ip/PANACEA-PRODUCTS-CORP-9-Inch-Black-Hanging-Plant-Bracket/46649952
Manufacturer Part Number,85591D,Succeeded,PANACEA PRODUCTS CORP 9-Inch Black Hanging Plant Bra  ...,https://www.walmart.com/ip/PANACEA-PRODUCTS-CORP-9-Inch-Black-Hanging-Plant-Bracket/46649952
Brand,Santino,Succeeded,"Planter LILIA 7.5 Inch White, With Saucer",https://www.walmart.com/ip/Planter-LILIA-7-5-Inch-White-With-Saucer/157740476
Material,Plastic,Succeeded,"Planter LILIA 7.5 Inch White, With Saucer",https://www.walmart.com/ip/Planter-LILIA-7-5-Inch-White-With-Saucer/157740476
Manufacturer Part Number,LIL7WHI,Succeeded,"Planter LILIA 7.5 Inch White, With Saucer",https://www.walmart.com/ip/Planter-LILIA-7-5-Inch-White-With-Saucer/157740476
Assembled Product Weight,0.31 lb,Succeeded,"Planter LILIA 7.5 Inch White, With Saucer",https://www.walmart.com/ip/Planter-LILIA-7-5-Inch-White-With-Saucer/157740476
Assembled Product Dimensions (L x W x H),8.60 x 7.50 x 6.70 Inches,Succeeded,"Planter LILIA 7.5 Inch White, With Saucer",https://www.walmart.com/ip/Planter-LILIA-7-5-Inch-White-With-Saucer/157740476
Brand,Costway,Succeeded,Costway Outdoor Wooden Plant Flower Display Stand 6   ...,https://www.walmart.com/ip/Costway-Outdoor-Wooden-Plant-Flower-Display-Stand-6-Wood-Shelf-Storage-Rack-Garden/152921255
Material,Wood,Succeeded,Costway Outdoor Wooden Plant Flower Display Stand 6   ...,https://www.walmart.com/ip/Costway-Outdoor-Wooden-Plant-Flower-Display-Stand-6-Wood-Shelf-Storage-Rack-Garden/152921255
Color,as pic,Succeeded,Costway Outdoor Wooden Plant Flower Display Stand 6   ...,https://www.walmart.com/ip/Costway-Outdoor-Wooden-Plant-Flower-Display-Stand-6-Wood-Shelf-Storage-Rack-Garden/152921255
Manufacturer Part Number,GT3210,Succeeded,Costway Outdoor Wooden Plant Flower Display Stand 6   ...,https://www.walmart.com/ip/Costway-Outdoor-Wooden-Plant-Flower-Display-Stand-6-Wood-Shelf-Storage-Rack-Garden/152921255
Brand,Darby Home Co,Succeeded,Darby Home Co Corliss Tiki Torch (Set of 2),https://www.walmart.com/ip/Darby-Home-Co-Corliss-Tiki-Torch-Set-of-2/967738953
Assembled Product Weight,4 Pounds,Succeeded,Darby Home Co Corliss Tiki Torch (Set of 2),https://www.walmart.com/ip/Darby-Home-Co-Corliss-Tiki-Torch-Set-of-2/967738953
Assembled Product Dimensions (L x W x H),8.00 x 8.00 x 61.00 Inches,Succeeded,Darby Home Co Corliss Tiki Torch (Set of 2),https://www.walmart.com/ip/Darby-Home-Co-Corliss-Tiki-Torch-Set-of-2/967738953
,,Failed to scrape data,Zingz and Thingz 4-Tier Plant Stand Screen,https://www.walmart.com/ip/Zingz-and-Thingz-4-Tier-Plant-Stand-Screen/49975880
Brand,Generic,Succeeded,"2pcs Plant Hanger 43.3"" Hemp Jute Macrame Rope Plant  ...",https://www.walmart.com/ip/2pcs-Plant-Hanger-43-3-Hemp-Jute-Macrame-Rope-Plant-Flower-Pot-Holder-Hanging-Basket-Double-Layer-Hold-Two-Plant-Pot/638979684
Material,Jute,Succeeded,"2pcs Plant Hanger 43.3"" Hemp Jute Macrame Rope Plant  ...",https://www.walmart.com/ip/2pcs-Plant-Hanger-43-3-Hemp-Jute-Macrame-Rope-Plant-Flower-Pot-Holder-Hanging-Basket-Double-Layer-Hold-Two-Plant-Pot/638979684
Color,Hemp,Succeeded,"2pcs Plant Hanger 43.3"" Hemp Jute Macrame Rope Plant  ...",https://www.walmart.com/ip/2pcs-Plant-Hanger-43-3-Hemp-Jute-Macrame-Rope-Plant-Flower-Pot-Holder-Hanging-Basket-Double-Layer-Hold-Two-Plant-Pot/638979684
Material,Teak,Succeeded,Square Teak Wood Shadow Tree Box,https://www.walmart.com/ip/Square-Teak-Wood-Shadow-Tree-Box/17671582
Brand,Diamond Tropical,Succeeded,Square Teak Wood Shadow Tree Box,https://www.walmart.com/ip/Square-Teak-Wood-Shadow-Tree-Box/17671582
Color,Beige,Succeeded,Square Teak Wood Shadow Tree Box,https://www.walmart.com/ip/Square-Teak-Wood-Shadow-Tree-Box/17671582
Manufacturer Part Number,F24C,Succeeded,Square Teak Wood Shadow Tree Box,https://www.walmart.com/ip/Square-Teak-Wood-Shadow-Tree-Box/17671582
Assembled Product Weight,43.0 Pounds,Succeeded,Square Teak Wood Shadow Tree Box,https://www.walmart.com/ip/Square-Teak-Wood-Shadow-Tree-Box/17671582
Count,1,Succeeded,Orino Cotton Rope Macrame Plant Holder Dyed Hanging   ...,https://www.walmart.com/ip/Orino-Cotton-Rope-Macrame-Plant-Holder-Dyed-Hanging-Planter-Basket-4-Legs-40-Inch-Blue/349427951
Size,"3.9x2x2""",Succeeded,Orino Cotton Rope Macrame Plant Holder Dyed Hanging   ...,https://www.walmart.com/ip/Orino-Cotton-Rope-Macrame-Plant-Holder-Dyed-Hanging-Planter-Basket-4-Legs-40-Inch-Blue/349427951
Color,Blue,Succeeded,Orino Cotton Rope Macrame Plant Holder Dyed Hanging   ...,https://www.walmart.com/ip/Orino-Cotton-Rope-Macrame-Plant-Holder-Dyed-Hanging-Planter-Basket-4-Legs-40-Inch-Blue/349427951
Multipack Quantity,1,Succeeded,Orino Cotton Rope Macrame Plant Holder Dyed Hanging   ...,https://www.walmart.com/ip/Orino-Cotton-Rope-Macrame-Plant-Holder-Dyed-Hanging-Planter-Basket-4-Legs-40-Inch-Blue/349427951
Brand,Orino,Succeeded,Orino Cotton Rope Macrame Plant Holder Dyed Hanging   ...,https://www.walmart.com/ip/Orino-Cotton-Rope-Macrame-Plant-Holder-Dyed-Hanging-Planter-Basket-4-Legs-40-Inch-Blue/349427951
Material,Resin,Succeeded,"Keter Urban Bloomer, Resin Elevated Planter Raised G  ...",https://www.walmart.com/ip/Keter-Urban-Bloomer-Resin-Elevated-Planter-Raised-Garden-Bed/109392201
Model,236157,Succeeded,"Keter Urban Bloomer, Resin Elevated Planter Raised G  ...",https://www.walmart.com/ip/Keter-Urban-Bloomer-Resin-Elevated-Planter-Raised-Garden-Bed/109392201
Color,Graphite,Succeeded,"Keter Urban Bloomer, Resin Elevated Planter Raised G  ...",https://www.walmart.com/ip/Keter-Urban-Bloomer-Resin-Elevated-Planter-Raised-Garden-Bed/109392201
Brand,Keter,Succeeded,"Keter Urban Bloomer, Resin Elevated Planter Raised G  ...",https://www.walmart.com/ip/Keter-Urban-Bloomer-Resin-Elevated-Planter-Raised-Garden-Bed/109392201
Manufacturer Part Number,236157,Succeeded,"Keter Urban Bloomer, Resin Elevated Planter Raised G  ...",https://www.walmart.com/ip/Keter-Urban-Bloomer-Resin-Elevated-Planter-Raised-Garden-Bed/109392201
Shape,Rectangle,Succeeded,"Keter Urban Bloomer, Resin Elevated Planter Raised G  ...",https://www.walmart.com/ip/Keter-Urban-Bloomer-Resin-Elevated-Planter-Raised-Garden-Bed/109392201
Assembled Product Weight,15.03 lb,Succeeded,"Keter Urban Bloomer, Resin Elevated Planter Raised G  ...",https://www.walmart.com/ip/Keter-Urban-Bloomer-Resin-Elevated-Planter-Raised-Garden-Bed/109392201
Recommended Use,"Garden, Porch, Balcony, Backyard, Sunroom, Deck, Patio, Front Yard",Succeeded,"Keter Urban Bloomer, Resin Elevated Planter Raised G  ...",https://www.walmart.com/ip/Keter-Urban-Bloomer-Resin-Elevated-Planter-Raised-Garden-Bed/109392201
Assembled Product Dimensions (L x W x H),32.30 x 14.70 x 30.70 Inches,Succeeded,"Keter Urban Bloomer, Resin Elevated Planter Raised G  ...",https://www.walmart.com/ip/Keter-Urban-Bloomer-Resin-Elevated-Planter-Raised-Garden-Bed/109392201
Model,84166,Succeeded,"10"" Rnd Coco Liner",https://www.walmart.com/ip/10-Rnd-Coco-Liner/38691621
Color,Multicolor,Succeeded,"10"" Rnd Coco Liner",https://www.walmart.com/ip/10-Rnd-Coco-Liner/38691621
Brand,Panacea Products,Succeeded,"10"" Rnd Coco Liner",https://www.walmart.com/ip/10-Rnd-Coco-Liner/38691621
Manufacturer Part Number,84166,Succeeded,"10"" Rnd Coco Liner",https://www.walmart.com/ip/10-Rnd-Coco-Liner/38691621
Assembled Product Dimensions (L x W x H),10.00 x 10.00 x 7.00 Inches,Succeeded,"10"" Rnd Coco Liner",https://www.walmart.com/ip/10-Rnd-Coco-Liner/38691621
Occasion,Mother's Day; Father's Day; Easter; Birthday; Gift,Succeeded,BloemBagz Deck Rail 4-Pocket Hanging Planter Bag Cal  ...,https://www.walmart.com/ip/BloemBagz-Deck-Rail-4-Pocket-Hanging-Planter-Bag-Calypso/700130523
Plant Category,Evergreens; Grasses; Herbs; Shade Plant; Sunny Plants; Succulents; Vegetables; Fruits; Vines; Flowers; Plants,Succeeded,BloemBagz Deck Rail 4-Pocket Hanging Planter Bag Cal  ...,https://www.walmart.com/ip/BloemBagz-Deck-Rail-4-Pocket-Hanging-Planter-Bag-Calypso/700130523
Is Made From Recycled Material,Y,Succeeded,BloemBagz Deck Rail 4-Pocket Hanging Planter Bag Cal  ...,https://www.walmart.com/ip/BloemBagz-Deck-Rail-4-Pocket-Hanging-Planter-Bag-Calypso/700130523
Capacity,.5 gal. (Soil Capacity),Succeeded,BloemBagz Deck Rail 4-Pocket Hanging Planter Bag Cal  ...,https://www.walmart.com/ip/BloemBagz-Deck-Rail-4-Pocket-Hanging-Planter-Bag-Calypso/700130523
Season,All-Season,Succeeded,BloemBagz Deck Rail 4-Pocket Hanging Planter Bag Cal  ...,https://www.walmart.com/ip/BloemBagz-Deck-Rail-4-Pocket-Hanging-Planter-Bag-Calypso/700130523
Dimensions,4.5L x 17.25W x 22.5H in.,Succeeded,BloemBagz Deck Rail 4-Pocket Hanging Planter Bag Cal  ...,https://www.walmart.com/ip/BloemBagz-Deck-Rail-4-Pocket-Hanging-Planter-Bag-Calypso/700130523
Model,OTR2-27,Succeeded,BloemBagz Deck Rail 4-Pocket Hanging Planter Bag Cal  ...,https://www.walmart.com/ip/BloemBagz-Deck-Rail-4-Pocket-Hanging-Planter-Bag-Calypso/700130523
Brand,Bloem,Succeeded,BloemBagz Deck Rail 4-Pocket Hanging Planter Bag Cal  ...,https://www.walmart.com/ip/BloemBagz-Deck-Rail-4-Pocket-Hanging-Planter-Bag-Calypso/700130523
Is Foldable,Y,Succeeded,BloemBagz Deck Rail 4-Pocket Hanging Planter Bag Cal  ...,https://www.walmart.com/ip/BloemBagz-Deck-Rail-4-Pocket-Hanging-Planter-Bag-Calypso/700130523
Shape,Double sided planter,Succeeded,BloemBagz Deck Rail 4-Pocket Hanging Planter Bag Cal  ...,https://www.walmart.com/ip/BloemBagz-Deck-Rail-4-Pocket-Hanging-Planter-Bag-Calypso/700130523
Recommended Use,"Herbs, Gifts, Flowers, Plants, Decoration",Succeeded,BloemBagz Deck Rail 4-Pocket Hanging Planter Bag Cal  ...,https://www.walmart.com/ip/BloemBagz-Deck-Rail-4-Pocket-Hanging-Planter-Bag-Calypso/700130523
"Cleaning, Care & Maintenance",Hand or machine wash on delicate cycle with mild detergent and air dry,Succeeded,BloemBagz Deck Rail 4-Pocket Hanging Planter Bag Cal  ...,https://www.walmart.com/ip/BloemBagz-Deck-Rail-4-Pocket-Hanging-Planter-Bag-Calypso/700130523
Is Tear-Resistant,Y,Succeeded,BloemBagz Deck Rail 4-Pocket Hanging Planter Bag Cal  ...,https://www.walmart.com/ip/BloemBagz-Deck-Rail-4-Pocket-Hanging-Planter-Bag-Calypso/700130523
Recommended Location,"Outdoor, Indoor",Succeeded,BloemBagz Deck Rail 4-Pocket Hanging Planter Bag Cal  ...,https://www.walmart.com/ip/BloemBagz-Deck-Rail-4-Pocket-Hanging-Planter-Bag-Calypso/700130523
Is Weather-Resistant,Y,Succeeded,BloemBagz Deck Rail 4-Pocket Hanging Planter Bag Cal  ...,https://www.walmart.com/ip/BloemBagz-Deck-Rail-4-Pocket-Hanging-Planter-Bag-Calypso/700130523
Is Industrial,Y,Succeeded,BloemBagz Deck Rail 4-Pocket Hanging Planter Bag Cal  ...,https://www.walmart.com/ip/BloemBagz-Deck-Rail-4-Pocket-Hanging-Planter-Bag-Calypso/700130523
Material,Polyethylene,Succeeded,BloemBagz Deck Rail 4-Pocket Hanging Planter Bag Cal  ...,https://www.walmart.com/ip/BloemBagz-Deck-Rail-4-Pocket-Hanging-Planter-Bag-Calypso/700130523
Manufacturer Part Number,OTR2-27,Succeeded,BloemBagz Deck Rail 4-Pocket Hanging Planter Bag Cal  ...,https://www.walmart.com/ip/BloemBagz-Deck-Rail-4-Pocket-Hanging-Planter-Bag-Calypso/700130523
Home Decor Style,Traditional; Contemporary; Modern; Classic; Eco,Succeeded,BloemBagz Deck Rail 4-Pocket Hanging Planter Bag Cal  ...,https://www.walmart.com/ip/BloemBagz-Deck-Rail-4-Pocket-Hanging-Planter-Bag-Calypso/700130523
Assembled Product Weight,0.2 lb,Succeeded,BloemBagz Deck Rail 4-Pocket Hanging Planter Bag Cal  ...,https://www.walmart.com/ip/BloemBagz-Deck-Rail-4-Pocket-Hanging-Planter-Bag-Calypso/700130523
Assembled Product Dimensions (L x W x H),4.50 x 17.25 x 22.50 Inches,Succeeded,BloemBagz Deck Rail 4-Pocket Hanging Planter Bag Cal  ...,https://www.walmart.com/ip/BloemBagz-Deck-Rail-4-Pocket-Hanging-Planter-Bag-Calypso/700130523